customer_id,Age,Gender,Income,VisitFrequency,PreferredCuisine,LoyaltyProgramMember,age_group,income_bracket
654,35,Male,83380,Weekly,Chinese,1,Millennial,Mid
655,19,Male,43623,Rarely,American,0,Gen-Z,Lower-Mid
656,41,Female,83737,Weekly,American,0,Gen-X,Mid
657,43,Male,96768,Rarely,Indian,0,Gen-X,Mid
658,55,Female,67937,Monthly,Chinese,1,Boomer,Mid
659,42,Female,28860,Monthly,Chinese,1,Gen-X,Low
660,20,Female,131104,Weekly,Indian,0,Gen-Z,Upper-Mid
661,51,Female,137882,Weekly,Mexican,0,Boomer,Upper-Mid
662,27,Male,149638,Weekly,Indian,0,Millennial,Upper-Mid
663,32,Female,136145,Weekly,Italian,0,Millennial,Upper-Mid
664,21,Male,79249,Monthly,American,0,Gen-Z,Mid
665,59,Male,94208,Weekly,Italian,1,Boomer,Mid
666,32,Female,143471,Monthly,American,0,Millennial,Upper-Mid
667,69,Male,38433,Daily,Italian,1,Boomer,Lower-Mid
668,58,Male,64870,Monthly,American,1,Boomer,Mid
669,54,Female,135616,Rarely,American,0,Boomer,Upper-Mid
670,59,Female,123325,Weekly,Chinese,1,Boomer,Upper-Mid
671,42,Male,25569,Monthly,American,1,Gen-X,Low
672,26,Female,120447,Weekly,Mexican,1,Millennial,Upper-Mid
673,58,Male,70458,Rarely,Italian,1,Boomer,Mid
674,27,Female,41450,Weekly,Chinese,0,Millennial,Lower-Mid
675,40,Female,85259,Monthly,Indian,1,Gen-X,Mid
676,20,Female,116507,Weekly,Chinese,0,Gen-Z,Upper-Mid
677,51,Male,40666,Weekly,Mexican,1,Boomer,Lower-Mid
678,21,Male,62296,Weekly,Italian,0,Gen-Z,Mid
679,40,Female,38099,Weekly,Chinese,1,Gen-X,Lower-Mid
680,51,Male,105609,Rarely,Chinese,0,Boomer,Upper-Mid
681,68,Male,82470,Weekly,American,1,Boomer,Mid
682,49,Female,49402,Weekly,American,0,Gen-X,Lower-Mid
683,59,Male,72461,Rarely,Italian,0,Boomer,Mid
684,68,Female,87140,Weekly,Chinese,1,Boomer,Mid
685,18,Female,25148,Weekly,American,0,Gen-Z,Low
686,35,Male,79963,Monthly,Mexican,1,Millennial,Mid
687,65,Female,92930,Rarely,Italian,0,Boomer,Mid
688,47,Female,50567,Daily,Indian,1,Gen-X,Lower-Mid
689,46,Male,84767,Weekly,Indian,1,Gen-X,Mid
690,38,Female,35769,Rarely,Italian,1,Gen-X,Lower-Mid
691,50,Female,52640,Monthly,Italian,1,Gen-X,Lower-Mid
692,23,Female,70427,Weekly,Mexican,1,Gen-Z,Mid
693,54,Female,126716,Monthly,Mexican,0,Boomer,Upper-Mid
694,67,Male,70219,Monthly,Chinese,1,Boomer,Mid
695,19,Male,122435,Rarely,Indian,1,Gen-Z,Upper-Mid
696,62,Female,131995,Rarely,Italian,0,Boomer,Upper-Mid
697,30,Female,21526,Daily,Indian,0,Millennial,Low
698,50,Female,123950,Rarely,American,0,Gen-X,Upper-Mid
699,28,Female,105851,Weekly,Indian,0,Millennial,Upper-Mid
700,38,Female,83286,Monthly,Italian,0,Gen-X,Mid
701,59,Female,136805,Weekly,American,0,Boomer,Upper-Mid
702,28,Female,137669,Weekly,Indian,0,Millennial,Upper-Mid
703,41,Female,98714,Monthly,Indian,1,Gen-X,Mid
704,48,Female,106670,Weekly,Italian,0,Gen-X,Upper-Mid
705,30,Male,39182,Daily,Italian,1,Millennial,Lower-Mid
706,46,Female,73317,Weekly,Mexican,1,Gen-X,Mid
707,22,Female,46093,Weekly,Mexican,1,Gen-Z,Lower-Mid
708,36,Female,149655,Monthly,American,1,Gen-X,Upper-Mid
709,44,Female,143378,Weekly,Italian,1,Gen-X,Upper-Mid
710,19,Female,81440,Rarely,Chinese,1,Gen-Z,Mid
711,64,Male,22073,Weekly,Indian,0,Boomer,Low
712,18,Female,132427,Monthly,Italian,0,Gen-Z,Upper-Mid
713,33,Male,95965,Monthly,American,0,Millennial,Mid
714,50,Male,35296,Weekly,Italian,0,Gen-X,Lower-Mid
715,67,Female,45759,Monthly,American,1,Boomer,Lower-Mid
716,52,Male,103379,Monthly,Chinese,1,Boomer,Upper-Mid
717,21,Male,94550,Monthly,Chinese,0,Gen-Z,Mid
718,33,Male,113609,Monthly,Mexican,1,Millennial,Upper-Mid
719,46,Male,74785,Weekly,Mexican,0,Gen-X,Mid
720,64,Male,68238,Weekly,Indian,1,Boomer,Mid
721,59,Female,75129,Monthly,Chinese,0,Boomer,Mid
722,35,Male,33384,Monthly,Indian,1,Millennial,Lower-Mid
723,56,Male,99022,Monthly,American,0,Boomer,Mid
724,37,Male,129956,Weekly,Indian,1,Gen-X,Upper-Mid
725,43,Female,60400,Monthly,American,0,Gen-X,Mid
726,35,Male,109278,Monthly,Italian,0,Millennial,Upper-Mid
727,34,Male,138642,Monthly,Italian,1,Millennial,Upper-Mid
728,55,Male,122223,Weekly,Chinese,1,Boomer,Upper-Mid
729,30,Female,37083,Monthly,Indian,1,Millennial,Lower-Mid
730,53,Female,101003,Rarely,Italian,0,Boomer,Upper-Mid
731,40,Female,33239,Monthly,Italian,0,Gen-X,Lower-Mid
732,65,Male,132529,Weekly,Indian,1,Boomer,Upper-Mid
733,42,Male,31187,Rarely,Mexican,0,Gen-X,Lower-Mid
734,66,Female,31296,Monthly,Chinese,1,Boomer,Lower-Mid
735,55,Male,147219,Monthly,Mexican,0,Boomer,Upper-Mid
736,31,Male,81176,Monthly,Mexican,0,Millennial,Mid
737,35,Female,62674,Monthly,Chinese,0,Millennial,Mid
738,19,Female,63136,Monthly,Chinese,1,Gen-Z,Mid
739,40,Female,133056,Rarely,Mexican,0,Gen-X,Upper-Mid
740,49,Male,69311,Daily,Chinese,1,Gen-X,Mid
741,62,Female,109896,Monthly,American,1,Boomer,Upper-Mid
742,42,Female,41414,Monthly,Indian,0,Gen-X,Lower-Mid
743,56,Female,62028,Monthly,American,0,Boomer,Mid
744,60,Male,30637,Monthly,Mexican,0,Boomer,Lower-Mid
745,59,Male,108814,Weekly,American,0,Boomer,Upper-Mid
746,68,Male,102517,Rarely,Italian,0,Boomer,Upper-Mid
747,67,Male,47731,Rarely,American,1,Boomer,Lower-Mid
748,64,Female,40967,Monthly,Mexican,1,Boomer,Lower-Mid
749,20,Female,147362,Rarely,Indian,0,Gen-Z,Upper-Mid
750,62,Male,30306,Monthly,Chinese,1,Boomer,Lower-Mid
751,53,Male,99064,Weekly,Indian,0,Boomer,Mid
752,28,Male,69615,Weekly,Indian,1,Millennial,Mid
753,49,Male,97990,Weekly,Italian,1,Gen-X,Mid
754,22,Female,129622,Weekly,Italian,1,Gen-Z,Upper-Mid
755,57,Female,104198,Weekly,Italian,1,Boomer,Upper-Mid
756,62,Male,115722,Rarely,Mexican,0,Boomer,Upper-Mid
757,62,Male,137673,Monthly,Indian,0,Boomer,Upper-Mid
758,46,Male,90343,Rarely,Italian,1,Gen-X,Mid
759,36,Female,23323,Monthly,Italian,1,Gen-X,Low
760,65,Male,76833,Weekly,Italian,1,Boomer,Mid
761,27,Female,79161,Rarely,Indian,0,Millennial,Mid
762,19,Male,144849,Weekly,Indian,0,Gen-Z,Upper-Mid
763,31,Male,77620,Monthly,Mexican,0,Millennial,Mid
764,46,Male,112626,Weekly,Mexican,1,Gen-X,Upper-Mid
765,50,Female,62418,Rarely,Chinese,0,Gen-X,Mid
766,61,Male,96506,Monthly,Chinese,1,Boomer,Mid
767,26,Male,103668,Weekly,American,1,Millennial,Upper-Mid
768,23,Male,39932,Weekly,Mexican,1,Gen-Z,Lower-Mid
769,47,Male,88700,Rarely,Chinese,1,Gen-X,Mid
770,60,Male,92277,Rarely,Italian,0,Boomer,Mid
771,66,Male,47508,Weekly,American,1,Boomer,Lower-Mid
772,37,Female,66867,Monthly,Italian,1,Gen-X,Mid
773,40,Female,59224,Rarely,Chinese,1,Gen-X,Lower-Mid
774,62,Female,142534,Monthly,Indian,1,Boomer,Upper-Mid
775,63,Female,132716,Weekly,Mexican,0,Boomer,Upper-Mid
776,20,Female,38189,Monthly,Mexican,0,Gen-Z,Lower-Mid
777,42,Female,60474,Weekly,Indian,0,Gen-X,Mid
778,60,Female,71105,Weekly,Indian,0,Boomer,Mid
779,44,Male,38493,Rarely,Italian,0,Gen-X,Lower-Mid
780,23,Male,84982,Weekly,Italian,1,Gen-Z,Mid
781,65,Female,59454,Monthly,Italian,0,Boomer,Lower-Mid
782,67,Female,84121,Monthly,Italian,1,Boomer,Mid
783,63,Female,140124,Monthly,Chinese,1,Boomer,Upper-Mid
784,68,Female,94282,Monthly,Mexican,0,Boomer,Mid
785,24,Male,31796,Daily,Italian,0,Gen-Z,Lower-Mid
786,27,Male,56966,Monthly,Italian,0,Millennial,Lower-Mid
787,50,Female,64939,Monthly,Chinese,0,Gen-X,Mid
788,25,Male,117497,Monthly,Chinese,0,Gen-Z,Upper-Mid
789,30,Male,46377,Daily,Italian,0,Millennial,Lower-Mid
790,58,Female,97030,Weekly,American,1,Boomer,Mid
791,67,Male,117452,Daily,Indian,1,Boomer,Upper-Mid
792,57,Female,101362,Weekly,Mexican,1,Boomer,Upper-Mid
793,65,Male,60717,Daily,Mexican,1,Boomer,Mid
794,67,Female,52717,Rarely,Indian,1,Boomer,Lower-Mid
795,35,Female,78909,Rarely,American,1,Millennial,Mid
796,63,Male,130870,Weekly,Indian,0,Boomer,Upper-Mid
797,59,Male,149006,Weekly,Mexican,0,Boomer,Upper-Mid
798,42,Male,120750,Rarely,American,0,Gen-X,Upper-Mid
799,39,Male,97583,Rarely,Indian,0,Gen-X,Mid
800,43,Male,32863,Monthly,Chinese,1,Gen-X,Lower-Mid
801,52,Male,111967,Rarely,American,0,Boomer,Upper-Mid
802,52,Male,143420,Rarely,Mexican,1,Boomer,Upper-Mid
803,66,Female,28073,Weekly,Chinese,1,Boomer,Low
804,22,Female,120539,Daily,Chinese,1,Gen-Z,Upper-Mid
805,34,Female,112055,Rarely,American,0,Millennial,Upper-Mid
806,53,Female,48489,Weekly,Indian,1,Boomer,Lower-Mid
807,57,Female,142449,Rarely,Italian,0,Boomer,Upper-Mid
808,58,Female,132047,Weekly,American,1,Boomer,Upper-Mid
809,42,Male,84666,Monthly,Italian,0,Gen-X,Mid
810,46,Female,109006,Rarely,Italian,1,Gen-X,Upper-Mid
811,59,Male,43697,Monthly,Italian,1,Boomer,Lower-Mid
812,41,Female,132528,Weekly,Chinese,0,Gen-X,Upper-Mid
813,22,Female,90630,Monthly,American,0,Gen-Z,Mid
814,25,Male,30580,Weekly,Indian,1,Gen-Z,Lower-Mid
815,30,Female,106716,Monthly,Mexican,1,Millennial,Upper-Mid
816,23,Male,107630,Rarely,Italian,0,Gen-Z,Upper-Mid
817,50,Female,114661,Rarely,American,1,Gen-X,Upper-Mid
818,38,Male,124096,Weekly,Chinese,1,Gen-X,Upper-Mid
819,44,Male,78605,Rarely,Mexican,0,Gen-X,Mid
820,55,Female,25889,Monthly,Chinese,0,Boomer,Low
821,59,Female,66116,Rarely,Mexican,0,Boomer,Mid
822,39,Male,81042,Monthly,Mexican,1,Gen-X,Mid
823,40,Male,96164,Monthly,Italian,1,Gen-X,Mid
824,28,Male,55083,Monthly,Indian,0,Millennial,Lower-Mid
825,47,Male,81504,Weekly,Mexican,1,Gen-X,Mid
826,56,Female,136815,Monthly,American,1,Boomer,Upper-Mid
827,61,Male,105862,Weekly,Mexican,0,Boomer,Upper-Mid
828,34,Male,64756,Weekly,Mexican,1,Millennial,Mid
829,43,Female,148425,Weekly,Indian,0,Gen-X,Upper-Mid
830,18,Female,88711,Weekly,Italian,1,Gen-Z,Mid
831,49,Female,37343,Monthly,Chinese,1,Gen-X,Lower-Mid
832,42,Female,23262,Weekly,Chinese,0,Gen-X,Low
833,59,Female,138471,Weekly,Indian,0,Boomer,Upper-Mid
834,35,Male,69161,Rarely,Chinese,1,Millennial,Mid
835,57,Female,85820,Daily,Chinese,1,Boomer,Mid
836,69,Male,124582,Weekly,American,0,Boomer,Upper-Mid
837,37,Male,81926,Daily,Indian,1,Gen-X,Mid
838,52,Male,100057,Monthly,Indian,0,Boomer,Upper-Mid
839,69,Female,51842,Monthly,American,0,Boomer,Lower-Mid
840,23,Male,56374,Rarely,Italian,0,Gen-Z,Lower-Mid
841,19,Female,59251,Monthly,Indian,0,Gen-Z,Lower-Mid
842,65,Female,82771,Rarely,Mexican,0,Boomer,Mid
843,53,Male,38928,Daily,Italian,1,Boomer,Lower-Mid
844,55,Female,132925,Monthly,Indian,0,Boomer,Upper-Mid
845,53,Female,117007,Monthly,American,1,Boomer,Upper-Mid
846,46,Female,58377,Rarely,Chinese,0,Gen-X,Lower-Mid
847,33,Female,37228,Weekly,Mexican,1,Millennial,Lower-Mid
848,31,Female,33733,Rarely,Italian,1,Millennial,Lower-Mid
849,18,Female,26732,Daily,Chinese,0,Gen-Z,Low
850,40,Male,37366,Monthly,Chinese,0,Gen-X,Lower-Mid
851,28,Female,135894,Rarely,Chinese,0,Millennial,Upper-Mid
852,67,Female,63976,Monthly,American,0,Boomer,Mid
853,59,Male,104089,Monthly,Italian,0,Boomer,Upper-Mid
854,65,Female,33024,Weekly,Chinese,1,Boomer,Lower-Mid
855,58,Male,30928,Rarely,Italian,1,Boomer,Lower-Mid
856,46,Male,42055,Rarely,Chinese,1,Gen-X,Lower-Mid
857,60,Female,39596,Weekly,Chinese,1,Boomer,Lower-Mid
858,27,Male,29233,Monthly,American,1,Millennial,Low
859,54,Male,114257,Monthly,Mexican,1,Boomer,Upper-Mid
860,32,Female,77834,Daily,Chinese,0,Millennial,Mid
861,26,Male,114739,Monthly,Chinese,0,Millennial,Upper-Mid
862,51,Female,103678,Daily,Chinese,0,Boomer,Upper-Mid
863,22,Female,60978,Monthly,Chinese,1,Gen-Z,Mid
864,54,Female,92219,Weekly,Mexican,1,Boomer,Mid
865,63,Male,73684,Monthly,Chinese,0,Boomer,Mid
866,37,Female,80987,Rarely,Indian,0,Gen-X,Mid
867,65,Male,83795,Weekly,Chinese,0,Boomer,Mid
868,44,Male,121995,Weekly,American,1,Gen-X,Upper-Mid
869,67,Female,40132,Monthly,Indian,0,Boomer,Lower-Mid
870,37,Male,46888,Rarely,Indian,0,Gen-X,Lower-Mid
871,58,Male,117392,Monthly,American,0,Boomer,Upper-Mid
872,51,Male,120651,Monthly,Mexican,0,Boomer,Upper-Mid
873,61,Male,53243,Rarely,American,1,Boomer,Lower-Mid
874,25,Female,145582,Rarely,Chinese,1,Gen-Z,Upper-Mid
875,23,Female,113128,Monthly,American,0,Gen-Z,Upper-Mid
876,45,Male,81659,Rarely,Chinese,1,Gen-X,Mid
877,34,Male,71400,Rarely,Chinese,0,Millennial,Mid
878,45,Female,33354,Weekly,Italian,1,Gen-X,Lower-Mid
879,40,Female,105103,Rarely,Mexican,1,Gen-X,Upper-Mid
880,28,Male,21013,Monthly,Italian,0,Millennial,Low
881,32,Male,115561,Monthly,Italian,0,Millennial,Upper-Mid
882,42,Female,29377,Monthly,American,1,Gen-X,Low
883,39,Female,81856,Monthly,American,1,Gen-X,Mid
884,59,Male,26530,Daily,American,1,Boomer,Low
885,22,Male,139877,Rarely,Indian,1,Gen-Z,Upper-Mid
886,68,Male,81959,Monthly,Chinese,1,Boomer,Mid
887,60,Male,87656,Monthly,American,0,Boomer,Mid
888,62,Male,91688,Weekly,Indian,1,Boomer,Mid
889,57,Female,53277,Monthly,Chinese,1,Boomer,Lower-Mid
890,68,Female,82561,Monthly,Chinese,0,Boomer,Mid
891,65,Female,104032,Weekly,Indian,0,Boomer,Upper-Mid
892,37,Female,149658,Daily,Chinese,0,Gen-X,Upper-Mid
893,56,Female,78086,Daily,Chinese,0,Boomer,Mid
894,24,Male,50879,Weekly,Mexican,0,Gen-Z,Lower-Mid
895,36,Male,89941,Daily,Chinese,0,Gen-X,Mid
896,47,Female,111573,Monthly,Mexican,1,Gen-X,Upper-Mid
897,18,Male,72238,Monthly,American,1,Gen-Z,Mid
898,66,Female,117916,Weekly,Mexican,1,Boomer,Upper-Mid
899,57,Male,27829,Monthly,Mexican,0,Boomer,Low
900,37,Female,22230,Weekly,Mexican,1,Gen-X,Low
901,23,Female,77844,Weekly,Indian,0,Gen-Z,Mid
902,43,Female,149118,Weekly,Italian,0,Gen-X,Upper-Mid
903,40,Male,67199,Weekly,Italian,0,Gen-X,Mid
904,29,Female,86899,Weekly,Chinese,0,Millennial,Mid
905,36,Male,94510,Rarely,Indian,0,Gen-X,Mid
906,28,Male,98058,Daily,American,1,Millennial,Mid
907,18,Male,33736,Weekly,Mexican,0,Gen-Z,Lower-Mid
908,42,Male,124552,Weekly,Chinese,1,Gen-X,Upper-Mid
909,45,Male,35395,Rarely,Chinese,0,Gen-X,Lower-Mid
910,64,Female,146852,Monthly,American,1,Boomer,Upper-Mid
911,69,Female,71808,Weekly,American,1,Boomer,Mid
912,68,Female,35185,Weekly,Mexican,1,Boomer,Lower-Mid
913,55,Female,21676,Weekly,American,1,Boomer,Low
914,46,Male,127276,Weekly,American,1,Gen-X,Upper-Mid
915,53,Male,102136,Weekly,Indian,0,Boomer,Upper-Mid
916,66,Female,89919,Daily,Italian,1,Boomer,Mid
917,27,Female,28317,Daily,Indian,0,Millennial,Low
918,68,Female,49070,Weekly,Indian,1,Boomer,Lower-Mid
919,44,Female,36731,Weekly,Chinese,0,Gen-X,Lower-Mid
920,69,Female,132180,Weekly,Italian,0,Boomer,Upper-Mid
921,51,Male,98793,Weekly,Mexican,0,Boomer,Mid
922,66,Male,32487,Monthly,American,0,Boomer,Lower-Mid
923,18,Female,37819,Monthly,Chinese,0,Gen-Z,Lower-Mid
924,25,Male,26355,Monthly,Italian,1,Gen-Z,Low
925,54,Male,86543,Weekly,Chinese,0,Boomer,Mid
926,67,Male,117648,Weekly,Italian,0,Boomer,Upper-Mid
927,55,Male,118250,Monthly,Chinese,0,Boomer,Upper-Mid
928,23,Female,105464,Daily,Mexican,0,Gen-Z,Upper-Mid
929,38,Male,51873,Daily,Italian,0,Gen-X,Lower-Mid
930,53,Male,38795,Daily,American,0,Boomer,Lower-Mid
931,28,Male,32355,Weekly,Chinese,0,Millennial,Lower-Mid
932,62,Female,112173,Monthly,American,0,Boomer,Upper-Mid
933,26,Female,63111,Rarely,Indian,1,Millennial,Mid
934,46,Male,20312,Daily,American,0,Gen-X,Low
935,27,Male,24045,Weekly,Mexican,0,Millennial,Low
936,64,Female,28666,Monthly,Mexican,0,Boomer,Low
937,41,Female,68313,Weekly,Indian,1,Gen-X,Mid
938,35,Male,111143,Rarely,Mexican,0,Millennial,Upper-Mid
939,62,Male,135545,Daily,Indian,0,Boomer,Upper-Mid
940,68,Female,142488,Rarely,Mexican,1,Boomer,Upper-Mid
941,50,Female,147673,Monthly,Italian,1,Gen-X,Upper-Mid
942,45,Female,21712,Monthly,Chinese,1,Gen-X,Low
943,45,Female,126811,Rarely,Chinese,0,Gen-X,Upper-Mid
944,37,Female,76586,Daily,Chinese,0,Gen-X,Mid
945,53,Male,118602,Daily,Chinese,0,Boomer,Upper-Mid
946,48,Male,134375,Weekly,Indian,0,Gen-X,Upper-Mid
947,33,Female,124339,Weekly,Italian,1,Millennial,Upper-Mid
948,31,Male,75218,Daily,Italian,1,Millennial,Mid
949,56,Male,101953,Rarely,American,1,Boomer,Upper-Mid
950,54,Female,66418,Weekly,Italian,1,Boomer,Mid
951,56,Male,122101,Weekly,Mexican,1,Boomer,Upper-Mid
952,32,Male,132648,Weekly,Italian,1,Millennial,Upper-Mid
953,19,Female,45224,Weekly,Chinese,0,Gen-Z,Lower-Mid
954,67,Female,144519,Weekly,Italian,0,Boomer,Upper-Mid
955,56,Male,128066,Rarely,American,1,Boomer,Upper-Mid
956,66,Male,65207,Monthly,Chinese,0,Boomer,Mid
957,19,Female,143152,Weekly,Mexican,1,Gen-Z,Upper-Mid
958,51,Female,56931,Rarely,American,0,Boomer,Lower-Mid
959,44,Female,129502,Rarely,Indian,0,Gen-X,Upper-Mid
960,54,Female,48233,Weekly,American,0,Boomer,Lower-Mid
961,69,Female,33613,Weekly,American,0,Boomer,Lower-Mid
962,35,Female,45915,Rarely,Italian,0,Millennial,Lower-Mid
963,50,Female,85293,Rarely,Chinese,1,Gen-X,Mid
964,35,Male,118376,Monthly,Mexican,0,Millennial,Upper-Mid
965,58,Female,128387,Monthly,Italian,0,Boomer,Upper-Mid
966,26,Male,124503,Monthly,Mexican,0,Millennial,Upper-Mid
967,26,Female,88466,Weekly,Italian,1,Millennial,Mid
968,57,Male,78589,Monthly,Italian,0,Boomer,Mid
969,19,Female,44654,Monthly,American,0,Gen-Z,Lower-Mid
970,49,Female,52752,Monthly,American,0,Gen-X,Lower-Mid
971,18,Male,101549,Weekly,Italian,1,Gen-Z,Upper-Mid
972,64,Female,46777,Rarely,Italian,1,Boomer,Lower-Mid
973,23,Female,100608,Monthly,Indian,1,Gen-Z,Upper-Mid
974,52,Female,144610,Daily,Mexican,0,Boomer,Upper-Mid
975,63,Male,22861,Rarely,American,0,Boomer,Low
976,53,Male,65710,Monthly,Mexican,1,Boomer,Mid
977,57,Male,20093,Weekly,Italian,1,Boomer,Low
978,41,Female,134722,Rarely,Indian,0,Gen-X,Upper-Mid
979,28,Female,57083,Weekly,American,0,Millennial,Lower-Mid
980,57,Male,55138,Weekly,Chinese,0,Boomer,Lower-Mid
981,32,Female,96451,Weekly,Italian,1,Millennial,Mid
982,55,Male,44538,Weekly,American,1,Boomer,Lower-Mid
983,20,Male,57386,Monthly,Italian,0,Gen-Z,Lower-Mid
984,59,Female,40510,Weekly,Mexican,0,Boomer,Lower-Mid
985,60,Male,130223,Monthly,Italian,1,Boomer,Upper-Mid
986,66,Female,35655,Weekly,American,1,Boomer,Lower-Mid
987,32,Male,52396,Daily,Indian,0,Millennial,Lower-Mid
988,32,Female,78876,Weekly,Indian,1,Millennial,Mid
989,37,Male,57889,Weekly,Chinese,1,Gen-X,Lower-Mid
990,63,Female,86031,Rarely,Chinese,1,Boomer,Mid
991,35,Male,54829,Weekly,Italian,1,Millennial,Lower-Mid
992,39,Female,138735,Weekly,American,0,Gen-X,Upper-Mid
993,54,Male,73556,Weekly,Indian,1,Boomer,Mid
994,32,Female,28066,Weekly,Italian,0,Millennial,Low
995,42,Male,79689,Rarely,Indian,0,Gen-X,Mid
996,26,Male,30983,Rarely,Indian,0,Millennial,Lower-Mid
997,53,Male,34411,Weekly,Italian,0,Boomer,Lower-Mid
998,67,Male,52525,Monthly,American,0,Boomer,Lower-Mid
999,20,Male,125831,Daily,Mexican,1,Gen-Z,Upper-Mid
1000,37,Female,21182,Weekly,Indian,1,Gen-X,Low
1001,40,Female,47293,Monthly,Indian,1,Gen-X,Lower-Mid
1002,68,Male,140366,Daily,American,1,Boomer,Upper-Mid
1003,45,Female,109063,Weekly,Chinese,1,Gen-X,Upper-Mid
1004,57,Male,99335,Rarely,Indian,1,Boomer,Mid
1005,35,Male,121002,Weekly,Chinese,0,Millennial,Upper-Mid
1006,20,Female,27928,Rarely,Italian,0,Gen-Z,Low
1007,50,Female,28016,Weekly,Mexican,0,Gen-X,Low
1008,21,Female,60804,Weekly,Indian,0,Gen-Z,Mid
1009,43,Male,144992,Rarely,Mexican,0,Gen-X,Upper-Mid
1010,39,Female,36544,Weekly,American,1,Gen-X,Lower-Mid
1011,38,Male,78868,Weekly,Mexican,1,Gen-X,Mid
1012,58,Male,140712,Monthly,Indian,0,Boomer,Upper-Mid
1013,45,Female,70378,Monthly,Chinese,0,Gen-X,Mid
1014,48,Female,122266,Weekly,Italian,1,Gen-X,Upper-Mid
1015,67,Female,91273,Weekly,Mexican,0,Boomer,Mid
1016,50,Female,128686,Monthly,American,0,Gen-X,Upper-Mid
1017,18,Female,72347,Rarely,American,0,Gen-Z,Mid
1018,22,Female,145965,Monthly,American,0,Gen-Z,Upper-Mid
1019,29,Male,65074,Rarely,Indian,0,Millennial,Mid
1020,63,Female,57362,Daily,Italian,0,Boomer,Lower-Mid
1021,51,Female,141449,Weekly,Chinese,0,Boomer,Upper-Mid
1022,44,Male,75499,Rarely,Italian,0,Gen-X,Mid
1023,47,Male,146044,Rarely,Indian,0,Gen-X,Upper-Mid
1024,38,Male,138115,Monthly,Chinese,1,Gen-X,Upper-Mid
1025,43,Female,116085,Weekly,Indian,0,Gen-X,Upper-Mid
1026,18,Male,33560,Monthly,Chinese,1,Gen-Z,Lower-Mid
1027,57,Female,79448,Weekly,Chinese,1,Boomer,Mid
1028,34,Male,34492,Monthly,Chinese,1,Millennial,Lower-Mid
1029,23,Male,80653,Daily,Mexican,1,Gen-Z,Mid
1030,46,Male,21547,Daily,Indian,0,Gen-X,Low
1031,41,Male,100703,Weekly,American,1,Gen-X,Upper-Mid
1032,37,Male,126751,Daily,Indian,1,Gen-X,Upper-Mid
1033,52,Male,122629,Rarely,Italian,1,Boomer,Upper-Mid
1034,69,Female,35930,Weekly,Mexican,0,Boomer,Lower-Mid
1035,52,Female,27239,Rarely,American,1,Boomer,Low
1036,69,Female,96870,Monthly,Chinese,0,Boomer,Mid
1037,25,Female,77102,Daily,Indian,0,Gen-Z,Mid
1038,57,Male,28253,Weekly,Indian,0,Boomer,Low
1039,36,Male,86014,Weekly,American,1,Gen-X,Mid
1040,30,Female,71590,Monthly,Chinese,1,Millennial,Mid
1041,48,Female,117176,Rarely,Indian,0,Gen-X,Upper-Mid
1042,56,Female,65128,Weekly,Chinese,1,Boomer,Mid
1043,65,Female,34010,Weekly,Indian,1,Boomer,Lower-Mid
1044,67,Female,102874,Monthly,American,1,Boomer,Upper-Mid
1045,44,Female,148592,Daily,Italian,0,Gen-X,Upper-Mid
1046,29,Female,132507,Weekly,Indian,0,Millennial,Upper-Mid
1047,22,Male,73912,Rarely,Indian,1,Gen-Z,Mid
1048,56,Female,103243,Monthly,Italian,0,Boomer,Upper-Mid
1049,26,Female,54777,Monthly,Chinese,1,Millennial,Lower-Mid
1050,60,Female,59793,Weekly,American,1,Boomer,Lower-Mid
1051,34,Female,120607,Weekly,Italian,1,Millennial,Upper-Mid
1052,28,Male,46146,Rarely,American,1,Millennial,Lower-Mid
1053,61,Female,63115,Monthly,American,1,Boomer,Mid
1054,26,Female,21350,Monthly,American,1,Millennial,Low
1055,57,Male,149142,Monthly,Mexican,1,Boomer,Upper-Mid
1056,32,Female,115387,Weekly,Chinese,1,Millennial,Upper-Mid
1057,61,Female,69799,Weekly,American,1,Boomer,Mid
1058,53,Male,67998,Daily,Chinese,0,Boomer,Mid
1059,61,Female,24362,Daily,Chinese,0,Boomer,Low
1060,61,Female,130824,Daily,American,1,Boomer,Upper-Mid
1061,64,Female,48237,Monthly,Mexican,0,Boomer,Lower-Mid
1062,55,Male,149421,Monthly,Indian,0,Boomer,Upper-Mid
1063,60,Male,140380,Monthly,American,0,Boomer,Upper-Mid
1064,68,Female,70712,Monthly,Indian,0,Boomer,Mid
1065,41,Female,70691,Monthly,American,1,Gen-X,Mid
1066,47,Female,45934,Daily,Mexican,0,Gen-X,Lower-Mid
1067,40,Female,117841,Daily,Italian,1,Gen-X,Upper-Mid
1068,19,Male,44314,Daily,Indian,1,Gen-Z,Lower-Mid
1069,20,Male,50976,Monthly,Mexican,0,Gen-Z,Lower-Mid
1070,41,Male,46185,Weekly,Italian,1,Gen-X,Lower-Mid
1071,68,Male,45559,Monthly,Mexican,1,Boomer,Lower-Mid
1072,67,Female,126820,Rarely,Mexican,1,Boomer,Upper-Mid
1073,25,Female,27880,Weekly,American,0,Gen-Z,Low
1074,31,Female,143444,Weekly,Indian,0,Millennial,Upper-Mid
1075,22,Male,80939,Rarely,American,0,Gen-Z,Mid
1076,51,Female,41323,Rarely,Italian,0,Boomer,Lower-Mid
1077,42,Male,139698,Weekly,Italian,0,Gen-X,Upper-Mid
1078,62,Female,146013,Daily,Mexican,1,Boomer,Upper-Mid
1079,47,Female,64438,Monthly,Italian,0,Gen-X,Mid
1080,37,Male,71616,Daily,Italian,1,Gen-X,Mid
1081,45,Male,71243,Weekly,Mexican,1,Gen-X,Mid
1082,57,Female,133991,Weekly,American,0,Boomer,Upper-Mid
1083,47,Male,95530,Rarely,Mexican,0,Gen-X,Mid
1084,25,Male,94123,Weekly,American,1,Gen-Z,Mid
1085,21,Male,65952,Weekly,Mexican,1,Gen-Z,Mid
1086,28,Female,140284,Daily,Indian,0,Millennial,Upper-Mid
1087,36,Male,145234,Monthly,Chinese,1,Gen-X,Upper-Mid
1088,31,Male,120134,Monthly,Italian,0,Millennial,Upper-Mid
1089,55,Male,122958,Weekly,Chinese,0,Boomer,Upper-Mid
1090,42,Female,20864,Monthly,Chinese,0,Gen-X,Low
1091,55,Male,125245,Rarely,Chinese,0,Boomer,Upper-Mid
1092,56,Female,48734,Rarely,Indian,1,Boomer,Lower-Mid
1093,19,Female,133974,Weekly,Chinese,0,Gen-Z,Upper-Mid
1094,47,Female,60541,Monthly,Chinese,1,Gen-X,Mid
1095,39,Male,41740,Rarely,Italian,0,Gen-X,Lower-Mid
1096,41,Female,20437,Monthly,Mexican,1,Gen-X,Low
1097,48,Female,70837,Monthly,Mexican,1,Gen-X,Mid
1098,58,Female,48478,Rarely,American,0,Boomer,Lower-Mid
1099,21,Female,90253,Monthly,Indian,0,Gen-Z,Mid
1100,39,Female,88776,Weekly,Chinese,0,Gen-X,Mid
1101,45,Male,62363,Weekly,Chinese,1,Gen-X,Mid
1102,32,Female,124333,Monthly,Mexican,0,Millennial,Upper-Mid
1103,69,Male,71823,Monthly,Italian,0,Boomer,Mid
1104,36,Male,81870,Weekly,American,1,Gen-X,Mid
1105,58,Female,120168,Daily,Indian,1,Boomer,Upper-Mid
1106,69,Female,145251,Rarely,Indian,0,Boomer,Upper-Mid
1107,34,Female,144501,Weekly,Indian,1,Millennial,Upper-Mid
1108,37,Female,28128,Weekly,Chinese,0,Gen-X,Low
1109,47,Male,80952,Rarely,Indian,0,Gen-X,Mid
1110,44,Female,38973,Rarely,Italian,0,Gen-X,Lower-Mid
1111,32,Male,70688,Monthly,Mexican,1,Millennial,Mid
1112,19,Male,35961,Rarely,Italian,0,Gen-Z,Lower-Mid
1113,58,Female,24600,Monthly,American,0,Boomer,Low
1114,68,Female,47270,Weekly,Chinese,0,Boomer,Lower-Mid
1115,37,Female,149652,Daily,Chinese,1,Gen-X,Upper-Mid
1116,22,Female,77107,Weekly,Indian,1,Gen-Z,Mid
1117,25,Female,140159,Rarely,Chinese,0,Gen-Z,Upper-Mid
1118,52,Male,132576,Weekly,Italian,1,Boomer,Upper-Mid
1119,59,Male,23400,Weekly,Indian,1,Boomer,Low
1120,52,Male,102238,Monthly,Indian,1,Boomer,Upper-Mid
1121,35,Male,144479,Monthly,Chinese,1,Millennial,Upper-Mid
1122,42,Male,52609,Weekly,Chinese,0,Gen-X,Lower-Mid
1123,25,Male,66790,Rarely,Chinese,1,Gen-Z,Mid
1124,22,Male,45151,Weekly,Indian,0,Gen-Z,Lower-Mid
1125,53,Male,59341,Weekly,Mexican,0,Boomer,Lower-Mid
1126,35,Male,134469,Monthly,Italian,1,Millennial,Upper-Mid
1127,68,Female,109615,Weekly,Chinese,0,Boomer,Upper-Mid
1128,64,Female,121256,Daily,Chinese,1,Boomer,Upper-Mid
1129,22,Female,130829,Rarely,Mexican,0,Gen-Z,Upper-Mid
1130,62,Male,84236,Weekly,Chinese,0,Boomer,Mid
1131,62,Male,42102,Rarely,Chinese,0,Boomer,Lower-Mid
1132,39,Male,40620,Monthly,Mexican,0,Gen-X,Lower-Mid
1133,69,Female,130997,Weekly,Indian,1,Boomer,Upper-Mid
1134,35,Female,29465,Weekly,Indian,0,Millennial,Low
1135,61,Male,89285,Daily,Chinese,0,Boomer,Mid
1136,64,Male,111906,Monthly,Mexican,0,Boomer,Upper-Mid
1137,23,Male,110100,Weekly,Mexican,1,Gen-Z,Upper-Mid
1138,50,Female,83461,Weekly,Chinese,1,Gen-X,Mid
1139,53,Male,112898,Monthly,American,0,Boomer,Upper-Mid
1140,46,Male,85346,Daily,American,1,Gen-X,Mid
1141,21,Female,53483,Monthly,Indian,1,Gen-Z,Lower-Mid
1142,23,Male,131676,Weekly,Chinese,1,Gen-Z,Upper-Mid
1143,52,Male,44722,Monthly,Mexican,0,Boomer,Lower-Mid
1144,64,Male,36143,Monthly,Chinese,1,Boomer,Lower-Mid
1145,65,Female,45416,Weekly,Italian,0,Boomer,Lower-Mid
1146,56,Male,142339,Weekly,Indian,0,Boomer,Upper-Mid
1147,40,Male,58731,Daily,American,0,Gen-X,Lower-Mid
1148,53,Male,111904,Monthly,Chinese,1,Boomer,Upper-Mid
1149,19,Male,45917,Weekly,American,1,Gen-Z,Lower-Mid
1150,69,Male,110795,Weekly,Mexican,1,Boomer,Upper-Mid
1151,62,Female,129492,Monthly,Chinese,0,Boomer,Upper-Mid
1152,43,Female,125084,Weekly,Chinese,1,Gen-X,Upper-Mid
1153,36,Male,84825,Weekly,Italian,0,Gen-X,Mid
1154,33,Male,132816,Monthly,American,0,Millennial,Upper-Mid
1155,58,Male,56610,Weekly,Italian,1,Boomer,Lower-Mid
1156,53,Female,97419,Rarely,American,0,Boomer,Mid
1157,33,Female,105342,Weekly,Indian,0,Millennial,Upper-Mid
1158,37,Female,68262,Monthly,Italian,1,Gen-X,Mid
1159,67,Female,27263,Rarely,Italian,1,Boomer,Low
1160,20,Male,68777,Rarely,Chinese,0,Gen-Z,Mid
1161,46,Male,54557,Weekly,Indian,1,Gen-X,Lower-Mid
1162,66,Female,122955,Rarely,Indian,1,Boomer,Upper-Mid
1163,32,Female,124959,Monthly,Mexican,1,Millennial,Upper-Mid
1164,64,Female,142155,Weekly,Indian,0,Boomer,Upper-Mid
1165,62,Male,68782,Rarely,Italian,1,Boomer,Mid
1166,31,Female,43415,Monthly,Chinese,1,Millennial,Lower-Mid
1167,29,Female,41415,Weekly,Mexican,0,Millennial,Lower-Mid
1168,39,Male,25907,Rarely,Italian,1,Gen-X,Low
1169,30,Male,147370,Monthly,Indian,0,Millennial,Upper-Mid
1170,24,Female,24277,Monthly,Indian,0,Gen-Z,Low
1171,54,Male,114132,Weekly,Mexican,1,Boomer,Upper-Mid
1172,69,Female,44257,Weekly,American,0,Boomer,Lower-Mid
1173,33,Male,64919,Weekly,Italian,0,Millennial,Mid
1174,43,Male,94500,Monthly,Italian,0,Gen-X,Mid
1175,63,Female,126805,Rarely,Indian,1,Boomer,Upper-Mid
1176,55,Female,20150,Rarely,Mexican,0,Boomer,Low
1177,61,Female,65860,Weekly,American,1,Boomer,Mid
1178,66,Female,47076,Weekly,Indian,1,Boomer,Lower-Mid
1179,30,Male,130655,Rarely,American,0,Millennial,Upper-Mid
1180,54,Female,103918,Rarely,Italian,0,Boomer,Upper-Mid
1181,38,Male,129523,Weekly,Mexican,0,Gen-X,Upper-Mid
1182,61,Male,80076,Rarely,Italian,1,Boomer,Mid
1183,69,Male,94601,Weekly,Chinese,0,Boomer,Mid
1184,18,Female,101889,Weekly,American,0,Gen-Z,Upper-Mid
1185,25,Female,53943,Rarely,Italian,0,Gen-Z,Lower-Mid
1186,37,Female,63111,Rarely,American,0,Gen-X,Mid
1187,32,Female,103493,Rarely,Mexican,1,Millennial,Upper-Mid
1188,54,Female,149457,Monthly,Mexican,0,Boomer,Upper-Mid
1189,18,Female,39359,Weekly,Mexican,0,Gen-Z,Lower-Mid
1190,29,Male,98984,Weekly,Mexican,0,Millennial,Mid
1191,49,Male,89184,Weekly,Chinese,1,Gen-X,Mid
1192,60,Female,123147,Rarely,American,1,Boomer,Upper-Mid
1193,63,Male,66271,Weekly,Chinese,1,Boomer,Mid
1194,61,Female,26147,Monthly,American,0,Boomer,Low
1195,34,Female,51451,Daily,Indian,0,Millennial,Lower-Mid
1196,40,Female,49732,Monthly,American,0,Gen-X,Lower-Mid
1197,49,Female,66768,Weekly,Indian,1,Gen-X,Mid
1198,44,Female,74120,Monthly,Italian,1,Gen-X,Mid
1199,27,Male,32654,Monthly,Mexican,0,Millennial,Lower-Mid
1200,38,Female,24547,Daily,American,1,Gen-X,Low
1201,31,Male,92198,Weekly,Mexican,0,Millennial,Mid
1202,64,Female,93229,Daily,Italian,0,Boomer,Mid
1203,48,Male,33065,Monthly,Mexican,1,Gen-X,Lower-Mid
1204,22,Male,93822,Monthly,Chinese,1,Gen-Z,Mid
1205,66,Female,105149,Rarely,Mexican,1,Boomer,Upper-Mid
1206,27,Female,148712,Monthly,Indian,0,Millennial,Upper-Mid
1207,36,Female,41417,Monthly,Mexican,0,Gen-X,Lower-Mid
1208,51,Female,145401,Monthly,Italian,1,Boomer,Upper-Mid
1209,42,Female,78302,Rarely,American,1,Gen-X,Mid
1210,53,Female,74609,Daily,Italian,1,Boomer,Mid
1211,67,Male,113717,Monthly,Chinese,1,Boomer,Upper-Mid
1212,38,Female,41126,Monthly,Italian,0,Gen-X,Lower-Mid
1213,24,Female,39498,Rarely,Mexican,0,Gen-Z,Lower-Mid
1214,21,Female,140769,Weekly,Indian,1,Gen-Z,Upper-Mid
1215,55,Female,75552,Daily,Italian,1,Boomer,Mid
1216,23,Male,72506,Weekly,Italian,1,Gen-Z,Mid
1217,62,Male,116124,Weekly,American,1,Boomer,Upper-Mid
1218,49,Male,75161,Weekly,Indian,1,Gen-X,Mid
1219,65,Female,51043,Weekly,Mexican,1,Boomer,Lower-Mid
1220,46,Male,24570,Monthly,Chinese,1,Gen-X,Low
1221,30,Male,69733,Monthly,Mexican,0,Millennial,Mid
1222,23,Male,147385,Monthly,Italian,0,Gen-Z,Upper-Mid
1223,45,Male,36351,Rarely,Italian,0,Gen-X,Lower-Mid
1224,32,Female,149728,Monthly,Indian,1,Millennial,Upper-Mid
1225,30,Male,81899,Weekly,American,1,Millennial,Mid
1226,30,Female,99128,Rarely,Italian,0,Millennial,Mid
1227,66,Male,74427,Monthly,American,0,Boomer,Mid
1228,67,Male,48404,Monthly,Mexican,0,Boomer,Lower-Mid
1229,25,Female,112333,Rarely,American,1,Gen-Z,Upper-Mid
1230,58,Male,79037,Monthly,Mexican,1,Boomer,Mid
1231,49,Female,120539,Weekly,American,1,Gen-X,Upper-Mid
1232,21,Male,42065,Rarely,American,1,Gen-Z,Lower-Mid
1233,47,Female,68945,Weekly,Mexican,0,Gen-X,Mid
1234,42,Female,143716,Daily,Italian,1,Gen-X,Upper-Mid
1235,36,Male,138770,Monthly,Mexican,1,Gen-X,Upper-Mid
1236,69,Female,24313,Weekly,Italian,0,Boomer,Low
1237,58,Female,135183,Weekly,Mexican,0,Boomer,Upper-Mid
1238,31,Female,136693,Weekly,Chinese,0,Millennial,Upper-Mid
1239,48,Female,107653,Weekly,American,1,Gen-X,Upper-Mid
1240,58,Female,143279,Weekly,Italian,1,Boomer,Upper-Mid
1241,61,Female,82695,Rarely,Indian,1,Boomer,Mid
1242,26,Female,88164,Monthly,Mexican,1,Millennial,Mid
1243,46,Female,128569,Monthly,American,1,Gen-X,Upper-Mid
1244,48,Male,139175,Weekly,Italian,1,Gen-X,Upper-Mid
1245,19,Male,89300,Rarely,Italian,1,Gen-Z,Mid
1246,38,Female,69568,Monthly,American,0,Gen-X,Mid
1247,65,Female,31899,Monthly,American,0,Boomer,Lower-Mid
1248,32,Female,102532,Weekly,Italian,1,Millennial,Upper-Mid
1249,20,Female,129285,Weekly,American,1,Gen-Z,Upper-Mid
1250,51,Male,132819,Weekly,Mexican,1,Boomer,Upper-Mid
1251,20,Male,50299,Monthly,Indian,1,Gen-Z,Lower-Mid
1252,33,Male,36674,Weekly,Italian,1,Millennial,Lower-Mid
1253,52,Male,109245,Daily,Indian,0,Boomer,Upper-Mid
1254,46,Female,144655,Rarely,Chinese,1,Gen-X,Upper-Mid
1255,62,Female,95252,Daily,Chinese,0,Boomer,Mid
1256,62,Male,130453,Weekly,Chinese,0,Boomer,Upper-Mid
1257,19,Female,58287,Weekly,American,1,Gen-Z,Lower-Mid
1258,30,Male,54812,Weekly,Indian,1,Millennial,Lower-Mid
1259,47,Male,20731,Weekly,Italian,1,Gen-X,Low
1260,48,Female,92280,Daily,Indian,1,Gen-X,Mid
1261,28,Female,84076,Weekly,Chinese,1,Millennial,Mid
1262,54,Male,124840,Weekly,Chinese,0,Boomer,Upper-Mid
1263,41,Male,23950,Weekly,American,0,Gen-X,Low
1264,52,Female,138749,Weekly,Chinese,0,Boomer,Upper-Mid
1265,24,Male,56212,Weekly,Indian,0,Gen-Z,Lower-Mid
1266,69,Male,84762,Weekly,Chinese,0,Boomer,Mid
1267,64,Female,147243,Weekly,American,1,Boomer,Upper-Mid
1268,37,Female,122112,Rarely,American,0,Gen-X,Upper-Mid
1269,22,Female,124788,Weekly,Mexican,1,Gen-Z,Upper-Mid
1270,39,Male,145371,Monthly,Chinese,0,Gen-X,Upper-Mid
1271,53,Female,103361,Weekly,Italian,0,Boomer,Upper-Mid
1272,30,Female,81382,Rarely,Chinese,1,Millennial,Mid
1273,30,Female,113286,Weekly,Italian,1,Millennial,Upper-Mid
1274,27,Male,41381,Weekly,Mexican,1,Millennial,Lower-Mid
1275,51,Male,42975,Daily,Mexican,1,Boomer,Lower-Mid
1276,42,Male,39943,Weekly,Mexican,0,Gen-X,Lower-Mid
1277,36,Male,43326,Rarely,Mexican,0,Gen-X,Lower-Mid
1278,35,Female,55454,Weekly,Indian,1,Millennial,Lower-Mid
1279,18,Male,21073,Monthly,Indian,1,Gen-Z,Low
1280,64,Male,127760,Weekly,Italian,1,Boomer,Upper-Mid
1281,33,Male,136837,Monthly,Mexican,0,Millennial,Upper-Mid
1282,39,Male,147882,Monthly,American,1,Gen-X,Upper-Mid
1283,65,Female,64898,Rarely,Italian,0,Boomer,Mid
1284,65,Female,39551,Rarely,Italian,1,Boomer,Lower-Mid
1285,51,Male,89947,Weekly,Chinese,0,Boomer,Mid
1286,40,Male,25034,Monthly,Mexican,1,Gen-X,Low
1287,64,Female,106131,Monthly,Indian,1,Boomer,Upper-Mid
1288,54,Female,64136,Monthly,American,1,Boomer,Mid
1289,52,Female,36483,Daily,Chinese,1,Boomer,Lower-Mid
1290,24,Male,71235,Weekly,Chinese,0,Gen-Z,Mid
1291,53,Female,58484,Monthly,Indian,1,Boomer,Lower-Mid
1292,63,Male,144991,Rarely,American,0,Boomer,Upper-Mid
1293,69,Female,39636,Daily,American,0,Boomer,Lower-Mid
1294,35,Female,108289,Rarely,Italian,1,Millennial,Upper-Mid
1295,67,Female,52485,Rarely,Italian,1,Boomer,Lower-Mid
1296,57,Female,135768,Monthly,Italian,0,Boomer,Upper-Mid
1297,49,Female,58909,Weekly,Chinese,1,Gen-X,Lower-Mid
1298,56,Male,134286,Weekly,Chinese,1,Boomer,Upper-Mid
1299,67,Female,75111,Weekly,Mexican,0,Boomer,Mid
1300,63,Male,49297,Daily,Indian,0,Boomer,Lower-Mid
1301,35,Female,95984,Monthly,Indian,1,Millennial,Mid
1302,63,Male,139580,Weekly,American,1,Boomer,Upper-Mid
1303,21,Male,113599,Weekly,Indian,1,Gen-Z,Upper-Mid
1304,58,Female,62444,Weekly,American,1,Boomer,Mid
1305,39,Female,133625,Monthly,Chinese,1,Gen-X,Upper-Mid
1306,44,Male,122923,Monthly,Italian,0,Gen-X,Upper-Mid
1307,24,Male,148016,Rarely,Indian,1,Gen-Z,Upper-Mid
1308,44,Female,40875,Daily,American,0,Gen-X,Lower-Mid
1309,49,Male,78920,Monthly,American,0,Gen-X,Mid
1310,51,Male,74106,Rarely,Italian,1,Boomer,Mid
1311,23,Female,24621,Daily,Indian,1,Gen-Z,Low
1312,26,Male,93768,Rarely,Chinese,0,Millennial,Mid
1313,46,Female,78761,Weekly,Mexican,0,Gen-X,Mid
1314,21,Female,23860,Weekly,Mexican,0,Gen-Z,Low
1315,60,Male,106565,Weekly,Mexican,1,Boomer,Upper-Mid
1316,46,Male,143417,Weekly,Mexican,1,Gen-X,Upper-Mid
1317,54,Male,26210,Weekly,Italian,1,Boomer,Low
1318,20,Male,97382,Monthly,Italian,0,Gen-Z,Mid
1319,33,Male,113459,Weekly,Indian,0,Millennial,Upper-Mid
1320,36,Female,94675,Weekly,Mexican,1,Gen-X,Mid
1321,55,Female,96671,Monthly,Mexican,1,Boomer,Mid
1322,59,Male,103191,Weekly,American,1,Boomer,Upper-Mid
1323,20,Male,91812,Weekly,Italian,0,Gen-Z,Mid
1324,43,Male,58774,Monthly,Mexican,0,Gen-X,Lower-Mid
1325,41,Male,40283,Rarely,Mexican,0,Gen-X,Lower-Mid
1326,31,Female,102165,Rarely,Chinese,0,Millennial,Upper-Mid
1327,23,Male,57832,Weekly,Mexican,1,Gen-Z,Lower-Mid
1328,69,Female,101500,Weekly,Italian,1,Boomer,Upper-Mid
1329,31,Male,60445,Weekly,Chinese,1,Millennial,Mid
1330,39,Male,138869,Monthly,Mexican,1,Gen-X,Upper-Mid
1331,42,Male,102295,Monthly,Chinese,0,Gen-X,Upper-Mid
1332,42,Male,67826,Monthly,Mexican,1,Gen-X,Mid
1333,61,Male,127735,Weekly,Italian,0,Boomer,Upper-Mid
1334,33,Female,119581,Monthly,Indian,1,Millennial,Upper-Mid
1335,60,Female,70633,Daily,American,0,Boomer,Mid
1336,34,Female,37772,Monthly,Indian,1,Millennial,Lower-Mid
1337,49,Female,29371,Monthly,Chinese,1,Gen-X,Low
1338,44,Female,116560,Weekly,Chinese,0,Gen-X,Upper-Mid
1339,56,Male,49632,Rarely,Mexican,0,Boomer,Lower-Mid
1340,67,Female,41527,Weekly,Indian,0,Boomer,Lower-Mid
1341,33,Female,82610,Weekly,Chinese,0,Millennial,Mid
1342,62,Female,31978,Monthly,Mexican,0,Boomer,Lower-Mid
1343,33,Male,109428,Monthly,Mexican,1,Millennial,Upper-Mid
1344,37,Female,128045,Weekly,Indian,0,Gen-X,Upper-Mid
1345,68,Male,50961,Monthly,Chinese,1,Boomer,Lower-Mid
1346,27,Male,124945,Rarely,Italian,1,Millennial,Upper-Mid
1347,40,Male,96655,Rarely,Mexican,1,Gen-X,Mid
1348,62,Female,132001,Weekly,Italian,1,Boomer,Upper-Mid
1349,60,Female,60737,Weekly,Italian,0,Boomer,Mid
1350,57,Male,144002,Rarely,Italian,0,Boomer,Upper-Mid
1351,43,Male,89392,Weekly,Indian,0,Gen-X,Mid
1352,43,Female,135581,Weekly,Mexican,1,Gen-X,Upper-Mid
1353,44,Male,60172,Weekly,Chinese,1,Gen-X,Mid
1354,46,Female,126264,Weekly,Mexican,0,Gen-X,Upper-Mid
1355,44,Female,35147,Rarely,Italian,0,Gen-X,Lower-Mid
1356,41,Male,38506,Monthly,Italian,0,Gen-X,Lower-Mid
1357,52,Female,63957,Daily,Indian,0,Boomer,Mid
1358,54,Female,48049,Monthly,Italian,0,Boomer,Lower-Mid
1359,40,Female,99500,Rarely,Italian,1,Gen-X,Mid
1360,48,Female,32259,Weekly,Chinese,1,Gen-X,Lower-Mid
1361,60,Male,148431,Weekly,Chinese,0,Boomer,Upper-Mid
1362,33,Male,59583,Weekly,Chinese,1,Millennial,Lower-Mid
1363,18,Female,120166,Daily,Indian,1,Gen-Z,Upper-Mid
1364,58,Female,88894,Rarely,Italian,0,Boomer,Mid
1365,31,Female,37407,Weekly,Italian,0,Millennial,Lower-Mid
1366,47,Male,124637,Monthly,Italian,0,Gen-X,Upper-Mid
1367,40,Female,51442,Monthly,Indian,1,Gen-X,Lower-Mid
1368,57,Male,25781,Daily,Mexican,0,Boomer,Low
1369,45,Female,37727,Weekly,Italian,0,Gen-X,Lower-Mid
1370,66,Female,113729,Weekly,Chinese,0,Boomer,Upper-Mid
1371,54,Male,98671,Rarely,Indian,0,Boomer,Mid
1372,57,Male,70701,Rarely,Chinese,0,Boomer,Mid
1373,21,Female,133011,Weekly,Mexican,0,Gen-Z,Upper-Mid
1374,34,Male,44396,Monthly,Chinese,0,Millennial,Lower-Mid
1375,60,Female,106932,Weekly,Chinese,0,Boomer,Upper-Mid
1376,27,Male,84302,Monthly,Italian,0,Millennial,Mid
1377,52,Male,146559,Monthly,Italian,0,Boomer,Upper-Mid
1378,25,Male,142823,Monthly,Chinese,0,Gen-Z,Upper-Mid
1379,36,Female,79019,Weekly,Mexican,0,Gen-X,Mid
1380,42,Female,105448,Daily,Mexican,1,Gen-X,Upper-Mid
1381,37,Female,46304,Monthly,Chinese,0,Gen-X,Lower-Mid
1382,64,Female,49825,Daily,Indian,0,Boomer,Lower-Mid
1383,60,Male,84644,Monthly,Italian,1,Boomer,Mid
1384,43,Female,136185,Weekly,American,0,Gen-X,Upper-Mid
1385,42,Male,101944,Rarely,Mexican,1,Gen-X,Upper-Mid
1386,62,Male,26014,Weekly,Chinese,0,Boomer,Low
1387,56,Female,26033,Monthly,Mexican,1,Boomer,Low
1388,38,Male,21536,Rarely,American,0,Gen-X,Low
1389,41,Female,53342,Weekly,American,0,Gen-X,Lower-Mid
1390,31,Male,103434,Daily,American,1,Millennial,Upper-Mid
1391,67,Female,94300,Weekly,Mexican,0,Boomer,Mid
1392,49,Female,55787,Weekly,Indian,0,Gen-X,Lower-Mid
1393,61,Male,59208,Weekly,Mexican,0,Boomer,Lower-Mid
1394,42,Female,99528,Rarely,Indian,0,Gen-X,Mid
1395,28,Female,54070,Rarely,American,1,Millennial,Lower-Mid
1396,37,Male,108559,Monthly,Indian,1,Gen-X,Upper-Mid
1397,20,Male,125213,Weekly,American,0,Gen-Z,Upper-Mid
1398,61,Male,91475,Weekly,Chinese,1,Boomer,Mid
1399,33,Male,63797,Weekly,Indian,1,Millennial,Mid
1400,36,Male,111713,Rarely,Italian,1,Gen-X,Upper-Mid
1401,51,Male,67850,Weekly,Italian,1,Boomer,Mid
1402,63,Male,107425,Rarely,Italian,1,Boomer,Upper-Mid
1403,19,Male,35923,Daily,Italian,1,Gen-Z,Lower-Mid
1404,38,Male,119288,Rarely,Mexican,0,Gen-X,Upper-Mid
1405,35,Female,120153,Weekly,Chinese,0,Millennial,Upper-Mid
1406,38,Female,67489,Daily,Indian,0,Gen-X,Mid
1407,55,Female,115270,Weekly,Mexican,0,Boomer,Upper-Mid
1408,35,Female,134171,Monthly,Chinese,1,Millennial,Upper-Mid
1409,29,Male,68955,Monthly,Chinese,1,Millennial,Mid
1410,39,Female,110292,Weekly,American,1,Gen-X,Upper-Mid
1411,20,Female,141978,Weekly,Italian,0,Gen-Z,Upper-Mid
1412,58,Male,61799,Weekly,Indian,1,Boomer,Mid
1413,18,Female,116054,Daily,American,0,Gen-Z,Upper-Mid
1414,42,Female,121317,Rarely,American,0,Gen-X,Upper-Mid
1415,25,Male,83536,Monthly,Mexican,1,Gen-Z,Mid
1416,34,Male,28019,Monthly,Mexican,0,Millennial,Low
1417,52,Female,35169,Daily,Chinese,0,Boomer,Lower-Mid
1418,51,Male,30516,Monthly,Indian,0,Boomer,Lower-Mid
1419,42,Female,45464,Weekly,Indian,1,Gen-X,Lower-Mid
1420,45,Male,33765,Weekly,Indian,1,Gen-X,Lower-Mid
1421,38,Male,69705,Rarely,Italian,0,Gen-X,Mid
1422,45,Female,65621,Rarely,Italian,0,Gen-X,Mid
1423,61,Male,139407,Rarely,Mexican,0,Boomer,Upper-Mid
1424,36,Male,46134,Weekly,American,1,Gen-X,Lower-Mid
1425,61,Female,26777,Daily,Mexican,0,Boomer,Low
1426,26,Male,109303,Daily,American,0,Millennial,Upper-Mid
1427,60,Male,147834,Daily,Italian,1,Boomer,Upper-Mid
1428,69,Male,63966,Weekly,American,0,Boomer,Mid
1429,50,Male,22675,Monthly,Italian,1,Gen-X,Low
1430,24,Male,107166,Monthly,American,1,Gen-Z,Upper-Mid
1431,32,Female,74310,Daily,Mexican,0,Millennial,Mid
1432,26,Female,36721,Weekly,Indian,1,Millennial,Lower-Mid
1433,36,Male,91772,Daily,Italian,1,Gen-X,Mid
1434,47,Male,98691,Weekly,American,0,Gen-X,Mid
1435,31,Male,110265,Rarely,Italian,0,Millennial,Upper-Mid
1436,40,Male,82755,Monthly,Italian,1,Gen-X,Mid
1437,43,Male,48319,Weekly,American,1,Gen-X,Lower-Mid
1438,25,Male,32906,Weekly,American,1,Gen-Z,Lower-Mid
1439,58,Female,148438,Rarely,Indian,0,Boomer,Upper-Mid
1440,31,Male,113230,Monthly,Mexican,1,Millennial,Upper-Mid
1441,25,Male,81110,Monthly,Mexican,0,Gen-Z,Mid
1442,21,Female,147705,Weekly,American,1,Gen-Z,Upper-Mid
1443,37,Female,142450,Rarely,Mexican,0,Gen-X,Upper-Mid
1444,60,Male,34207,Monthly,Italian,1,Boomer,Lower-Mid
1445,64,Female,71395,Weekly,American,1,Boomer,Mid
1446,21,Male,111884,Rarely,Italian,0,Gen-Z,Upper-Mid
1447,19,Male,81762,Rarely,Italian,1,Gen-Z,Mid
1448,34,Male,100198,Rarely,Indian,1,Millennial,Upper-Mid
1449,60,Male,74202,Daily,Mexican,0,Boomer,Mid
1450,37,Male,47879,Weekly,Chinese,1,Gen-X,Lower-Mid
1451,19,Female,101462,Monthly,American,0,Gen-Z,Upper-Mid
1452,40,Female,54900,Weekly,Indian,1,Gen-X,Lower-Mid
1453,46,Male,128675,Monthly,Italian,0,Gen-X,Upper-Mid
1454,44,Male,32810,Rarely,Indian,0,Gen-X,Lower-Mid
1455,62,Male,56425,Daily,Chinese,1,Boomer,Lower-Mid
1456,55,Male,44155,Daily,Italian,1,Boomer,Lower-Mid
1457,34,Female,138842,Weekly,Indian,1,Millennial,Upper-Mid
1458,41,Male,62402,Weekly,Mexican,1,Gen-X,Mid
1459,29,Female,106781,Rarely,Mexican,1,Millennial,Upper-Mid
1460,36,Male,27802,Monthly,Mexican,1,Gen-X,Low
1461,41,Female,88918,Weekly,Mexican,1,Gen-X,Mid
1462,21,Female,84564,Rarely,Italian,0,Gen-Z,Mid
1463,36,Female,105520,Weekly,Indian,0,Gen-X,Upper-Mid
1464,54,Female,101247,Daily,Mexican,0,Boomer,Upper-Mid
1465,49,Female,20012,Weekly,Italian,1,Gen-X,Low
1466,59,Male,31919,Monthly,American,0,Boomer,Lower-Mid
1467,19,Male,128360,Monthly,Indian,1,Gen-Z,Upper-Mid
1468,37,Male,56810,Weekly,Chinese,0,Gen-X,Lower-Mid
1469,34,Male,63881,Rarely,Indian,1,Millennial,Mid
1470,46,Female,127785,Monthly,Indian,1,Gen-X,Upper-Mid
1471,54,Female,134259,Daily,Mexican,1,Boomer,Upper-Mid
1472,65,Male,138824,Rarely,Italian,0,Boomer,Upper-Mid
1473,36,Female,42276,Weekly,Mexican,0,Gen-X,Lower-Mid
1474,65,Male,110155,Weekly,Chinese,1,Boomer,Upper-Mid
1475,54,Male,121292,Rarely,Italian,0,Boomer,Upper-Mid
1476,68,Male,126601,Weekly,American,1,Boomer,Upper-Mid
1477,36,Female,52458,Weekly,Chinese,1,Gen-X,Lower-Mid
1478,56,Male,123048,Rarely,Mexican,0,Boomer,Upper-Mid
1479,36,Female,74992,Monthly,Italian,1,Gen-X,Mid
1480,36,Male,46377,Rarely,Italian,1,Gen-X,Lower-Mid
1481,43,Female,133014,Weekly,Chinese,0,Gen-X,Upper-Mid
1482,56,Male,114665,Monthly,Indian,0,Boomer,Upper-Mid
1483,40,Male,137658,Daily,Indian,0,Gen-X,Upper-Mid
1484,31,Female,123053,Monthly,Chinese,1,Millennial,Upper-Mid
1485,45,Male,97250,Weekly,American,1,Gen-X,Mid
1486,19,Female,148335,Rarely,Chinese,1,Gen-Z,Upper-Mid
1487,24,Male,141512,Rarely,Indian,0,Gen-Z,Upper-Mid
1488,27,Male,142392,Weekly,Italian,0,Millennial,Upper-Mid
1489,25,Male,149296,Monthly,American,0,Gen-Z,Upper-Mid
1490,43,Female,24551,Monthly,Mexican,0,Gen-X,Low
1491,46,Female,78259,Weekly,Chinese,1,Gen-X,Mid
1492,65,Female,75623,Weekly,Indian,1,Boomer,Mid
1493,23,Male,115806,Rarely,Italian,1,Gen-Z,Upper-Mid
1494,19,Male,111655,Daily,Chinese,1,Gen-Z,Upper-Mid
1495,47,Male,76724,Monthly,Indian,1,Gen-X,Mid
1496,63,Female,57295,Monthly,Mexican,1,Boomer,Lower-Mid
1497,36,Female,135359,Monthly,Mexican,0,Gen-X,Upper-Mid
1498,21,Female,78400,Monthly,Chinese,0,Gen-Z,Mid
1499,61,Female,60147,Weekly,American,0,Boomer,Mid
1500,66,Female,35593,Monthly,Mexican,0,Boomer,Lower-Mid
1501,26,Male,109229,Monthly,Indian,0,Millennial,Upper-Mid
1502,37,Female,97187,Rarely,Italian,0,Gen-X,Mid
1503,61,Female,103362,Monthly,Italian,1,Boomer,Upper-Mid
1504,24,Female,91710,Weekly,American,0,Gen-Z,Mid
1505,47,Male,122351,Monthly,Indian,0,Gen-X,Upper-Mid
1506,65,Female,54196,Monthly,Italian,0,Boomer,Lower-Mid
1507,30,Male,107646,Weekly,Chinese,0,Millennial,Upper-Mid
1508,46,Male,122931,Daily,American,1,Gen-X,Upper-Mid
1509,26,Female,149692,Weekly,Mexican,1,Millennial,Upper-Mid
1510,69,Female,49875,Daily,Mexican,1,Boomer,Lower-Mid
1511,46,Female,141448,Monthly,American,1,Gen-X,Upper-Mid
1512,24,Male,37896,Weekly,Mexican,1,Gen-Z,Lower-Mid
1513,54,Female,85775,Weekly,Mexican,0,Boomer,Mid
1514,39,Female,105672,Weekly,American,1,Gen-X,Upper-Mid
1515,40,Male,149875,Weekly,Indian,0,Gen-X,Upper-Mid
1516,65,Male,143137,Monthly,Chinese,1,Boomer,Upper-Mid
1517,54,Female,22033,Rarely,Italian,0,Boomer,Low
1518,61,Male,21255,Weekly,Indian,1,Boomer,Low
1519,18,Female,103045,Rarely,Mexican,0,Gen-Z,Upper-Mid
1520,69,Male,24091,Rarely,Mexican,1,Boomer,Low
1521,44,Male,81973,Monthly,American,0,Gen-X,Mid
1522,57,Male,115715,Monthly,Chinese,1,Boomer,Upper-Mid
1523,33,Male,142639,Weekly,Chinese,0,Millennial,Upper-Mid
1524,39,Female,108463,Monthly,Mexican,1,Gen-X,Upper-Mid
1525,68,Female,119506,Weekly,Italian,1,Boomer,Upper-Mid
1526,28,Female,125658,Rarely,American,1,Millennial,Upper-Mid
1527,35,Female,111925,Weekly,Italian,0,Millennial,Upper-Mid
1528,32,Female,135133,Monthly,Chinese,0,Millennial,Upper-Mid
1529,60,Female,36751,Rarely,Mexican,1,Boomer,Lower-Mid
1530,65,Male,141511,Weekly,Indian,1,Boomer,Upper-Mid
1531,24,Female,107139,Weekly,Italian,0,Gen-Z,Upper-Mid
1532,51,Male,89971,Daily,Italian,1,Boomer,Mid
1533,25,Male,34376,Daily,Indian,1,Gen-Z,Lower-Mid
1534,66,Female,31297,Monthly,Chinese,1,Boomer,Lower-Mid
1535,23,Female,95587,Weekly,Mexican,1,Gen-Z,Mid
1536,61,Male,130832,Weekly,Mexican,1,Boomer,Upper-Mid
1537,64,Male,25500,Weekly,American,0,Boomer,Low
1538,56,Male,149720,Weekly,Chinese,0,Boomer,Upper-Mid
1539,55,Male,22297,Weekly,American,0,Boomer,Low
1540,23,Male,78962,Daily,Chinese,0,Gen-Z,Mid
1541,21,Female,68501,Weekly,Mexican,0,Gen-Z,Mid
1542,44,Male,28582,Weekly,American,0,Gen-X,Low
1543,18,Male,133720,Monthly,Mexican,0,Gen-Z,Upper-Mid
1544,19,Female,113705,Weekly,Indian,0,Gen-Z,Upper-Mid
1545,43,Female,38899,Weekly,American,1,Gen-X,Lower-Mid
1546,25,Female,112619,Weekly,American,0,Gen-Z,Upper-Mid
1547,61,Female,68472,Weekly,Indian,0,Boomer,Mid
1548,63,Male,136199,Weekly,Italian,1,Boomer,Upper-Mid
1549,38,Male,98194,Weekly,Mexican,1,Gen-X,Mid
1550,56,Female,144894,Weekly,Chinese,1,Boomer,Upper-Mid
1551,21,Female,136315,Rarely,Mexican,0,Gen-Z,Upper-Mid
1552,23,Male,21547,Weekly,American,0,Gen-Z,Low
1553,43,Male,139813,Weekly,Italian,0,Gen-X,Upper-Mid
1554,54,Male,103833,Monthly,Chinese,0,Boomer,Upper-Mid
1555,19,Female,27363,Weekly,Chinese,0,Gen-Z,Low
1556,21,Female,118917,Rarely,Indian,1,Gen-Z,Upper-Mid
1557,39,Male,131429,Weekly,Chinese,0,Gen-X,Upper-Mid
1558,45,Female,45842,Monthly,Italian,1,Gen-X,Lower-Mid
1559,59,Male,72005,Rarely,Italian,0,Boomer,Mid
1560,53,Male,48397,Weekly,Indian,1,Boomer,Lower-Mid
1561,18,Female,64494,Weekly,Chinese,1,Gen-Z,Mid
1562,59,Female,109679,Weekly,American,1,Boomer,Upper-Mid
1563,69,Male,29690,Monthly,Chinese,0,Boomer,Low
1564,45,Female,75974,Daily,Italian,1,Gen-X,Mid
1565,31,Male,61048,Weekly,Indian,1,Millennial,Mid
1566,66,Female,104867,Weekly,Mexican,1,Boomer,Upper-Mid
1567,33,Male,143546,Rarely,Italian,0,Millennial,Upper-Mid
1568,63,Male,35533,Rarely,Chinese,1,Boomer,Lower-Mid
1569,24,Female,21776,Weekly,Chinese,0,Gen-Z,Low
1570,19,Female,58718,Weekly,Indian,0,Gen-Z,Lower-Mid
1571,27,Male,76018,Monthly,Indian,0,Millennial,Mid
1572,38,Female,140359,Weekly,Chinese,0,Gen-X,Upper-Mid
1573,59,Male,57770,Daily,Indian,0,Boomer,Lower-Mid
1574,56,Male,147065,Rarely,American,0,Boomer,Upper-Mid
1575,41,Female,55059,Monthly,Indian,0,Gen-X,Lower-Mid
1576,39,Male,28573,Monthly,Mexican,1,Gen-X,Low
1577,56,Male,64383,Monthly,Chinese,0,Boomer,Mid
1578,57,Male,34584,Daily,Italian,1,Boomer,Lower-Mid
1579,43,Female,122235,Monthly,Indian,0,Gen-X,Upper-Mid
1580,66,Female,85042,Monthly,Italian,1,Boomer,Mid
1581,28,Male,111852,Daily,Mexican,1,Millennial,Upper-Mid
1582,32,Female,143434,Daily,Chinese,0,Millennial,Upper-Mid
1583,21,Female,143366,Weekly,Chinese,1,Gen-Z,Upper-Mid
1584,32,Female,102527,Weekly,Mexican,0,Millennial,Upper-Mid
1585,42,Female,95678,Weekly,American,0,Gen-X,Mid
1586,56,Female,87771,Rarely,Chinese,0,Boomer,Mid
1587,26,Male,128626,Daily,Mexican,1,Millennial,Upper-Mid
1588,67,Female,146922,Weekly,Indian,0,Boomer,Upper-Mid
1589,65,Female,141793,Monthly,Mexican,0,Boomer,Upper-Mid
1590,28,Female,39440,Daily,Mexican,1,Millennial,Lower-Mid
1591,64,Female,99384,Monthly,Italian,0,Boomer,Mid
1592,42,Male,107593,Weekly,Mexican,1,Gen-X,Upper-Mid
1593,32,Male,24011,Rarely,Mexican,1,Millennial,Low
1594,50,Female,44428,Rarely,Chinese,1,Gen-X,Lower-Mid
1595,45,Female,96495,Rarely,Chinese,0,Gen-X,Mid
1596,33,Male,116304,Rarely,Chinese,0,Millennial,Upper-Mid
1597,28,Male,109177,Rarely,Mexican,0,Millennial,Upper-Mid
1598,56,Male,135985,Weekly,American,1,Boomer,Upper-Mid
1599,26,Male,147643,Weekly,Chinese,1,Millennial,Upper-Mid
1600,59,Female,24248,Weekly,Italian,0,Boomer,Low
1601,65,Female,55794,Rarely,Chinese,1,Boomer,Lower-Mid
1602,66,Male,146812,Rarely,American,0,Boomer,Upper-Mid
1603,59,Male,69161,Weekly,Mexican,0,Boomer,Mid
1604,26,Female,55076,Weekly,Indian,1,Millennial,Lower-Mid
1605,67,Male,126601,Rarely,Chinese,0,Boomer,Upper-Mid
1606,61,Female,86904,Weekly,Indian,0,Boomer,Mid
1607,32,Male,36001,Monthly,Italian,0,Millennial,Lower-Mid
1608,35,Female,105274,Rarely,Italian,1,Millennial,Upper-Mid
1609,65,Female,115678,Monthly,American,1,Boomer,Upper-Mid
1610,68,Male,112192,Weekly,Mexican,1,Boomer,Upper-Mid
1611,52,Male,53917,Daily,Chinese,1,Boomer,Lower-Mid
1612,32,Male,121906,Weekly,Indian,0,Millennial,Upper-Mid
1613,44,Female,110830,Rarely,Mexican,1,Gen-X,Upper-Mid
1614,41,Female,124737,Monthly,Mexican,0,Gen-X,Upper-Mid
1615,31,Female,80273,Weekly,Mexican,1,Millennial,Mid
1616,21,Female,132549,Rarely,Chinese,1,Gen-Z,Upper-Mid
1617,47,Female,74443,Weekly,Indian,0,Gen-X,Mid
1618,34,Female,94230,Rarely,Chinese,0,Millennial,Mid
1619,19,Female,126012,Daily,Italian,0,Gen-Z,Upper-Mid
1620,57,Female,99346,Weekly,American,1,Boomer,Mid
1621,45,Female,23533,Weekly,Italian,0,Gen-X,Low
1622,38,Male,64091,Weekly,Italian,1,Gen-X,Mid
1623,39,Male,126059,Daily,Chinese,0,Gen-X,Upper-Mid
1624,63,Female,111672,Weekly,Indian,1,Boomer,Upper-Mid
1625,69,Male,141562,Rarely,Italian,1,Boomer,Upper-Mid
1626,34,Male,119511,Weekly,American,0,Millennial,Upper-Mid
1627,32,Male,103209,Weekly,Italian,0,Millennial,Upper-Mid
1628,65,Male,49626,Monthly,Mexican,0,Boomer,Lower-Mid
1629,40,Male,111611,Weekly,Mexican,1,Gen-X,Upper-Mid
1630,58,Female,142324,Monthly,Indian,0,Boomer,Upper-Mid
1631,25,Female,119378,Rarely,Chinese,1,Gen-Z,Upper-Mid
1632,34,Male,20381,Weekly,Chinese,1,Millennial,Low
1633,62,Male,82426,Weekly,Indian,0,Boomer,Mid
1634,51,Male,53853,Rarely,Mexican,0,Boomer,Lower-Mid
1635,39,Male,148048,Weekly,Indian,1,Gen-X,Upper-Mid
1636,20,Male,48167,Monthly,Mexican,0,Gen-Z,Lower-Mid
1637,58,Female,108236,Weekly,Indian,0,Boomer,Upper-Mid
1638,52,Male,84329,Weekly,Mexican,0,Boomer,Mid
1639,67,Male,78267,Weekly,Mexican,0,Boomer,Mid
1640,52,Male,109256,Weekly,Chinese,0,Boomer,Upper-Mid
1641,44,Male,136833,Rarely,Chinese,0,Gen-X,Upper-Mid
1642,41,Male,101756,Rarely,Italian,0,Gen-X,Upper-Mid
1643,21,Male,93295,Monthly,Italian,0,Gen-Z,Mid
1644,33,Female,137035,Weekly,Mexican,0,Millennial,Upper-Mid
1645,42,Female,60411,Daily,Indian,0,Gen-X,Mid
1646,37,Female,54251,Weekly,Chinese,0,Gen-X,Lower-Mid
1647,40,Male,97473,Weekly,Chinese,1,Gen-X,Mid
1648,60,Male,115060,Monthly,Italian,0,Boomer,Upper-Mid
1649,59,Female,95332,Monthly,American,0,Boomer,Mid
1650,68,Female,62522,Monthly,Mexican,1,Boomer,Mid
1651,18,Male,127069,Weekly,Chinese,0,Gen-Z,Upper-Mid
1652,20,Female,112421,Weekly,Mexican,1,Gen-Z,Upper-Mid
1653,29,Female,40070,Daily,Mexican,0,Millennial,Lower-Mid
1654,57,Female,139738,Rarely,Indian,1,Boomer,Upper-Mid
1655,47,Female,40978,Rarely,Mexican,0,Gen-X,Lower-Mid
1656,20,Male,113518,Rarely,American,0,Gen-Z,Upper-Mid
1657,56,Female,146889,Monthly,American,1,Boomer,Upper-Mid
1658,52,Female,119741,Rarely,Chinese,1,Boomer,Upper-Mid
1659,49,Female,71896,Monthly,American,1,Gen-X,Mid
1660,50,Male,22310,Weekly,Chinese,0,Gen-X,Low
1661,50,Male,106183,Daily,Chinese,0,Gen-X,Upper-Mid
1662,21,Female,85528,Weekly,Mexican,0,Gen-Z,Mid
1663,23,Male,141865,Rarely,Italian,1,Gen-Z,Upper-Mid
1664,31,Male,146678,Rarely,Mexican,1,Millennial,Upper-Mid
1665,23,Female,130911,Weekly,Chinese,0,Gen-Z,Upper-Mid
1666,38,Female,91480,Monthly,Chinese,0,Gen-X,Mid
1667,45,Female,47391,Rarely,American,1,Gen-X,Lower-Mid
1668,64,Male,85559,Weekly,Italian,0,Boomer,Mid
1669,29,Female,53499,Monthly,Indian,1,Millennial,Lower-Mid
1670,50,Male,119160,Weekly,Chinese,0,Gen-X,Upper-Mid
1671,32,Female,62341,Monthly,Italian,0,Millennial,Mid
1672,49,Male,25599,Daily,Chinese,0,Gen-X,Low
1673,49,Male,47125,Monthly,American,1,Gen-X,Lower-Mid
1674,57,Male,75696,Weekly,American,1,Boomer,Mid
1675,49,Female,58354,Weekly,Mexican,0,Gen-X,Lower-Mid
1676,68,Female,122483,Weekly,Mexican,0,Boomer,Upper-Mid
1677,37,Male,91366,Daily,Indian,1,Gen-X,Mid
1678,40,Female,119707,Weekly,Chinese,1,Gen-X,Upper-Mid
1679,23,Male,141766,Weekly,Chinese,1,Gen-Z,Upper-Mid
1680,53,Male,100270,Rarely,Mexican,0,Boomer,Upper-Mid
1681,40,Female,138883,Monthly,American,1,Gen-X,Upper-Mid
1682,53,Male,139385,Weekly,Mexican,1,Boomer,Upper-Mid
1683,54,Female,89908,Rarely,Mexican,0,Boomer,Mid
1684,18,Female,127039,Monthly,Indian,0,Gen-Z,Upper-Mid
1685,63,Male,99163,Monthly,Chinese,1,Boomer,Mid
1686,39,Female,73692,Weekly,Indian,0,Gen-X,Mid
1687,33,Female,89413,Weekly,Chinese,1,Millennial,Mid
1688,45,Male,49734,Monthly,American,0,Gen-X,Lower-Mid
1689,29,Male,37774,Monthly,Italian,1,Millennial,Lower-Mid
1690,23,Female,115111,Weekly,Mexican,0,Gen-Z,Upper-Mid
1691,48,Male,114505,Rarely,Chinese,1,Gen-X,Upper-Mid
1692,56,Female,138573,Weekly,American,0,Boomer,Upper-Mid
1693,34,Female,122001,Weekly,Italian,0,Millennial,Upper-Mid
1694,65,Male,115473,Daily,Mexican,1,Boomer,Upper-Mid
1695,46,Female,84003,Monthly,Italian,0,Gen-X,Mid
1696,31,Male,126324,Monthly,Indian,0,Millennial,Upper-Mid
1697,47,Male,114632,Monthly,American,1,Gen-X,Upper-Mid
1698,19,Male,69552,Weekly,Mexican,1,Gen-Z,Mid
1699,28,Male,40982,Weekly,Indian,1,Millennial,Lower-Mid
1700,54,Female,48017,Rarely,Mexican,1,Boomer,Lower-Mid
1701,43,Female,22176,Daily,Italian,1,Gen-X,Low
1702,40,Male,45033,Monthly,American,0,Gen-X,Lower-Mid
1703,56,Female,69702,Daily,Italian,0,Boomer,Mid
1704,44,Female,60824,Weekly,Mexican,1,Gen-X,Mid
1705,54,Female,68477,Monthly,American,0,Boomer,Mid
1706,56,Female,142876,Rarely,Mexican,0,Boomer,Upper-Mid
1707,61,Female,22836,Weekly,Chinese,0,Boomer,Low
1708,59,Female,36190,Weekly,Chinese,0,Boomer,Lower-Mid
1709,22,Female,106195,Weekly,Mexican,0,Gen-Z,Upper-Mid
1710,31,Male,123053,Rarely,Indian,0,Millennial,Upper-Mid
1711,33,Female,109280,Monthly,Italian,0,Millennial,Upper-Mid
1712,41,Male,21188,Weekly,Chinese,1,Gen-X,Low
1713,50,Female,87269,Rarely,Indian,0,Gen-X,Mid
1714,36,Female,139577,Daily,American,0,Gen-X,Upper-Mid
1715,31,Male,112242,Monthly,Indian,0,Millennial,Upper-Mid
1716,62,Male,137593,Weekly,Italian,0,Boomer,Upper-Mid
1717,47,Female,141099,Monthly,American,1,Gen-X,Upper-Mid
1718,24,Male,99995,Weekly,Indian,0,Gen-Z,Mid
1719,37,Male,56921,Rarely,Italian,0,Gen-X,Lower-Mid
1720,18,Female,126043,Weekly,Indian,0,Gen-Z,Upper-Mid
1721,52,Female,132477,Monthly,Italian,1,Boomer,Upper-Mid
1722,48,Male,29230,Rarely,Chinese,1,Gen-X,Low
1723,51,Female,47925,Monthly,Italian,0,Boomer,Lower-Mid
1724,45,Female,125667,Monthly,American,1,Gen-X,Upper-Mid
1725,29,Male,136154,Monthly,Chinese,1,Millennial,Upper-Mid
1726,65,Female,110089,Weekly,Italian,0,Boomer,Upper-Mid
1727,32,Female,97066,Monthly,Indian,1,Millennial,Mid
1728,31,Male,86265,Weekly,Italian,0,Millennial,Mid
1729,34,Male,23261,Rarely,Chinese,0,Millennial,Low
1730,56,Male,27157,Monthly,Italian,0,Boomer,Low
1731,63,Male,114530,Weekly,Indian,1,Boomer,Upper-Mid
1732,61,Male,133659,Monthly,Indian,0,Boomer,Upper-Mid
1733,23,Female,132550,Rarely,Italian,0,Gen-Z,Upper-Mid
1734,24,Male,127635,Weekly,Italian,0,Gen-Z,Upper-Mid
1735,40,Female,135702,Weekly,American,1,Gen-X,Upper-Mid
1736,35,Female,45527,Monthly,Mexican,1,Millennial,Lower-Mid
1737,19,Male,119996,Monthly,American,0,Gen-Z,Upper-Mid
1738,56,Female,115592,Rarely,American,0,Boomer,Upper-Mid
1739,30,Female,25592,Weekly,Italian,1,Millennial,Low
1740,60,Male,81757,Weekly,Chinese,1,Boomer,Mid
1741,54,Male,25409,Weekly,Indian,1,Boomer,Low
1742,65,Female,142871,Rarely,American,0,Boomer,Upper-Mid
1743,28,Male,102872,Rarely,Italian,1,Millennial,Upper-Mid
1744,47,Female,110978,Daily,Mexican,1,Gen-X,Upper-Mid
1745,57,Female,52402,Weekly,Italian,0,Boomer,Lower-Mid
1746,18,Male,28621,Weekly,Italian,0,Gen-Z,Low
1747,19,Male,103067,Weekly,Mexican,0,Gen-Z,Upper-Mid
1748,47,Male,42046,Rarely,Italian,0,Gen-X,Lower-Mid
1749,66,Male,142256,Weekly,Chinese,0,Boomer,Upper-Mid
1750,30,Male,78221,Weekly,Italian,1,Millennial,Mid
1751,32,Male,111015,Weekly,Italian,0,Millennial,Upper-Mid
1752,50,Male,146080,Rarely,Indian,0,Gen-X,Upper-Mid
1753,22,Male,69116,Monthly,Indian,1,Gen-Z,Mid
1754,50,Male,38986,Daily,Italian,1,Gen-X,Lower-Mid
1755,54,Female,113052,Weekly,Italian,0,Boomer,Upper-Mid
1756,58,Female,20670,Weekly,American,0,Boomer,Low
1757,35,Female,133640,Daily,Italian,0,Millennial,Upper-Mid
1758,28,Female,67481,Rarely,Indian,0,Millennial,Mid
1759,22,Male,121659,Weekly,American,1,Gen-Z,Upper-Mid
1760,47,Male,63788,Weekly,Italian,1,Gen-X,Mid
1761,36,Male,109821,Rarely,Indian,0,Gen-X,Upper-Mid
1762,50,Female,23878,Rarely,Chinese,0,Gen-X,Low
1763,42,Male,107561,Monthly,American,0,Gen-X,Upper-Mid
1764,19,Male,116077,Weekly,Chinese,0,Gen-Z,Upper-Mid
1765,44,Female,37635,Weekly,American,0,Gen-X,Lower-Mid
1766,49,Male,22520,Rarely,Indian,1,Gen-X,Low
1767,51,Male,29246,Weekly,Mexican,0,Boomer,Low
1768,23,Female,69740,Daily,Italian,0,Gen-Z,Mid
1769,37,Male,148982,Daily,Chinese,1,Gen-X,Upper-Mid
1770,48,Female,73847,Daily,Mexican,0,Gen-X,Mid
1771,63,Male,98520,Rarely,Mexican,0,Boomer,Mid
1772,51,Female,91956,Daily,Italian,1,Boomer,Mid
1773,63,Male,98946,Rarely,Italian,1,Boomer,Mid
1774,53,Male,81795,Monthly,American,1,Boomer,Mid
1775,52,Male,125636,Monthly,American,1,Boomer,Upper-Mid
1776,45,Female,149856,Rarely,Italian,0,Gen-X,Upper-Mid
1777,41,Female,101741,Rarely,Chinese,1,Gen-X,Upper-Mid
1778,57,Male,89008,Daily,Mexican,0,Boomer,Mid
1779,68,Male,104486,Daily,Chinese,0,Boomer,Upper-Mid
1780,36,Female,143662,Monthly,Chinese,0,Gen-X,Upper-Mid
1781,48,Female,87299,Weekly,Mexican,0,Gen-X,Mid
1782,28,Female,88464,Monthly,Indian,0,Millennial,Mid
1783,42,Male,112376,Monthly,Indian,1,Gen-X,Upper-Mid
1784,21,Male,113566,Rarely,Mexican,1,Gen-Z,Upper-Mid
1785,52,Male,141295,Monthly,Indian,0,Boomer,Upper-Mid
1786,44,Female,41586,Daily,Chinese,0,Gen-X,Lower-Mid
1787,32,Female,49158,Rarely,Indian,0,Millennial,Lower-Mid
1788,56,Female,63004,Monthly,Indian,0,Boomer,Mid
1789,28,Female,103574,Monthly,American,0,Millennial,Upper-Mid
1790,46,Male,116176,Weekly,Mexican,0,Gen-X,Upper-Mid
1791,47,Female,51250,Weekly,Chinese,1,Gen-X,Lower-Mid
1792,21,Male,79413,Weekly,Italian,0,Gen-Z,Mid
1793,49,Female,136794,Rarely,Indian,0,Gen-X,Upper-Mid
1794,44,Male,84953,Weekly,Mexican,0,Gen-X,Mid
1795,38,Male,74170,Monthly,Mexican,0,Gen-X,Mid
1796,39,Male,134109,Rarely,Italian,0,Gen-X,Upper-Mid
1797,58,Female,80882,Weekly,Italian,1,Boomer,Mid
1798,60,Female,112071,Monthly,American,1,Boomer,Upper-Mid
1799,18,Male,51238,Rarely,American,0,Gen-Z,Lower-Mid
1800,55,Female,122185,Weekly,Italian,0,Boomer,Upper-Mid
1801,23,Male,55478,Daily,Chinese,1,Gen-Z,Lower-Mid
1802,59,Female,30817,Weekly,Italian,0,Boomer,Lower-Mid
1803,19,Male,94387,Monthly,Italian,0,Gen-Z,Mid
1804,30,Female,90857,Weekly,Italian,0,Millennial,Mid
1805,69,Female,59848,Monthly,Chinese,1,Boomer,Lower-Mid
1806,55,Female,22813,Weekly,Indian,1,Boomer,Low
1807,64,Female,28420,Monthly,Italian,1,Boomer,Low
1808,47,Female,118882,Weekly,Indian,1,Gen-X,Upper-Mid
1809,39,Female,76116,Weekly,American,1,Gen-X,Mid
1810,55,Male,55986,Weekly,Italian,1,Boomer,Lower-Mid
1811,39,Male,115484,Weekly,Italian,1,Gen-X,Upper-Mid
1812,69,Female,92995,Weekly,Italian,0,Boomer,Mid
1813,40,Female,53058,Weekly,Italian,0,Gen-X,Lower-Mid
1814,32,Male,100305,Monthly,Indian,1,Millennial,Upper-Mid
1815,37,Male,49578,Weekly,Chinese,0,Gen-X,Lower-Mid
1816,66,Male,120990,Weekly,American,1,Boomer,Upper-Mid
1817,26,Male,141009,Weekly,Chinese,1,Millennial,Upper-Mid
1818,32,Female,48420,Monthly,Indian,1,Millennial,Lower-Mid
1819,42,Male,101836,Weekly,Italian,1,Gen-X,Upper-Mid
1820,52,Female,82450,Monthly,Indian,1,Boomer,Mid
1821,26,Female,113498,Weekly,Indian,0,Millennial,Upper-Mid
1822,18,Male,40912,Monthly,Mexican,0,Gen-Z,Lower-Mid
1823,50,Male,132098,Weekly,American,1,Gen-X,Upper-Mid
1824,45,Female,25596,Weekly,Italian,1,Gen-X,Low
1825,61,Female,117267,Rarely,Italian,1,Boomer,Upper-Mid
1826,69,Female,49393,Daily,Indian,0,Boomer,Lower-Mid
1827,21,Female,92875,Rarely,Chinese,1,Gen-Z,Mid
1828,54,Male,121186,Weekly,Chinese,0,Boomer,Upper-Mid
1829,25,Female,115020,Weekly,Indian,1,Gen-Z,Upper-Mid
1830,47,Female,84915,Weekly,Indian,0,Gen-X,Mid
1831,24,Female,132486,Rarely,Mexican,1,Gen-Z,Upper-Mid
1832,54,Female,21979,Monthly,Italian,0,Boomer,Low
1833,66,Male,125916,Monthly,American,0,Boomer,Upper-Mid
1834,64,Male,121923,Weekly,Mexican,0,Boomer,Upper-Mid
1835,52,Female,106697,Weekly,Italian,0,Boomer,Upper-Mid
1836,22,Female,129590,Weekly,American,1,Gen-Z,Upper-Mid
1837,30,Male,135575,Weekly,Italian,1,Millennial,Upper-Mid
1838,18,Male,141316,Monthly,Chinese,0,Gen-Z,Upper-Mid
1839,39,Female,41861,Monthly,Mexican,0,Gen-X,Lower-Mid
1840,33,Female,22926,Monthly,American,0,Millennial,Low
1841,34,Female,133211,Monthly,Mexican,1,Millennial,Upper-Mid
1842,35,Male,70018,Rarely,Chinese,1,Millennial,Mid
1843,66,Male,86806,Weekly,Indian,0,Boomer,Mid
1844,59,Female,77267,Rarely,Indian,1,Boomer,Mid
1845,54,Female,123993,Monthly,Indian,1,Boomer,Upper-Mid
1846,39,Female,43817,Daily,Mexican,0,Gen-X,Lower-Mid
1847,64,Male,54825,Weekly,American,1,Boomer,Lower-Mid
1848,34,Male,85083,Monthly,Indian,0,Millennial,Mid
1849,63,Female,45027,Monthly,Italian,0,Boomer,Lower-Mid
1850,54,Female,60570,Weekly,Chinese,1,Boomer,Mid
1851,30,Male,25599,Weekly,Indian,0,Millennial,Low
1852,33,Female,38473,Weekly,Indian,0,Millennial,Lower-Mid
1853,27,Female,131036,Daily,American,1,Millennial,Upper-Mid
1854,27,Female,133891,Rarely,Mexican,1,Millennial,Upper-Mid
1855,49,Male,109746,Weekly,Mexican,1,Gen-X,Upper-Mid
1856,52,Female,136450,Weekly,Italian,1,Boomer,Upper-Mid
1857,44,Male,138993,Daily,Indian,0,Gen-X,Upper-Mid
1858,58,Male,123271,Rarely,Chinese,1,Boomer,Upper-Mid
1859,47,Female,87242,Rarely,Chinese,0,Gen-X,Mid
1860,22,Female,45774,Monthly,Indian,0,Gen-Z,Lower-Mid
1861,42,Female,141000,Monthly,American,1,Gen-X,Upper-Mid
1862,49,Male,147234,Weekly,Chinese,0,Gen-X,Upper-Mid
1863,56,Male,138160,Weekly,Indian,1,Boomer,Upper-Mid
1864,29,Female,126886,Rarely,American,1,Millennial,Upper-Mid
1865,39,Male,142877,Weekly,Indian,0,Gen-X,Upper-Mid
1866,47,Male,92159,Monthly,Indian,1,Gen-X,Mid
1867,65,Female,72466,Weekly,Indian,0,Boomer,Mid
1868,33,Female,84596,Monthly,American,1,Millennial,Mid
1869,44,Female,106597,Weekly,Chinese,1,Gen-X,Upper-Mid
1870,36,Male,25929,Monthly,Mexican,0,Gen-X,Low
1871,24,Male,68450,Monthly,Italian,0,Gen-Z,Mid
1872,56,Female,60299,Weekly,Mexican,1,Boomer,Mid
1873,18,Male,67145,Rarely,American,0,Gen-Z,Mid
1874,34,Male,62133,Weekly,Mexican,1,Millennial,Mid
1875,66,Male,73283,Rarely,Italian,0,Boomer,Mid
1876,53,Female,143280,Monthly,Italian,1,Boomer,Upper-Mid
1877,60,Female,146855,Rarely,Mexican,0,Boomer,Upper-Mid
1878,55,Female,20894,Rarely,Mexican,0,Boomer,Low
1879,53,Female,28754,Weekly,Chinese,1,Boomer,Low
1880,23,Female,25059,Rarely,Italian,0,Gen-Z,Low
1881,48,Female,82819,Rarely,Indian,1,Gen-X,Mid
1882,21,Female,93082,Monthly,Italian,1,Gen-Z,Mid
1883,59,Male,123736,Rarely,Indian,1,Boomer,Upper-Mid
1884,66,Male,112736,Monthly,Mexican,0,Boomer,Upper-Mid
1885,62,Female,115951,Monthly,Chinese,1,Boomer,Upper-Mid
1886,29,Female,40842,Weekly,American,1,Millennial,Lower-Mid
1887,65,Male,21013,Monthly,Indian,1,Boomer,Low
1888,34,Female,144003,Weekly,Chinese,0,Millennial,Upper-Mid
1889,46,Female,98046,Rarely,Chinese,1,Gen-X,Mid
1890,59,Female,136675,Weekly,Indian,0,Boomer,Upper-Mid
1891,62,Male,38724,Monthly,American,1,Boomer,Lower-Mid
1892,57,Male,57260,Rarely,Italian,0,Boomer,Lower-Mid
1893,19,Male,122235,Rarely,Italian,0,Gen-Z,Upper-Mid
1894,23,Female,69893,Monthly,Mexican,0,Gen-Z,Mid
1895,58,Female,72090,Daily,Indian,0,Boomer,Mid
1896,39,Male,20722,Monthly,Mexican,1,Gen-X,Low
1897,64,Male,99100,Monthly,Indian,0,Boomer,Mid
1898,49,Male,100306,Weekly,Italian,1,Gen-X,Upper-Mid
1899,68,Male,38986,Monthly,Chinese,1,Boomer,Lower-Mid
1900,38,Male,57631,Daily,Italian,0,Gen-X,Lower-Mid
1901,22,Female,98764,Weekly,Italian,0,Gen-Z,Mid
1902,21,Female,131794,Weekly,Indian,0,Gen-Z,Upper-Mid
1903,37,Female,93951,Daily,Mexican,1,Gen-X,Mid
1904,44,Male,67956,Weekly,Italian,0,Gen-X,Mid
1905,56,Male,149324,Monthly,Italian,0,Boomer,Upper-Mid
1906,47,Male,42277,Rarely,Mexican,0,Gen-X,Lower-Mid
1907,38,Female,122086,Monthly,American,0,Gen-X,Upper-Mid
1908,22,Female,139612,Weekly,Mexican,0,Gen-Z,Upper-Mid
1909,23,Female,92944,Monthly,Chinese,0,Gen-Z,Mid
1910,57,Female,103508,Rarely,Chinese,0,Boomer,Upper-Mid
1911,41,Female,144748,Weekly,Mexican,1,Gen-X,Upper-Mid
1912,56,Female,27906,Rarely,Mexican,0,Boomer,Low
1913,27,Female,44687,Weekly,Indian,1,Millennial,Lower-Mid
1914,61,Male,115593,Weekly,Chinese,1,Boomer,Upper-Mid
1915,18,Female,120080,Daily,Mexican,0,Gen-Z,Upper-Mid
1916,52,Male,22243,Rarely,Italian,1,Boomer,Low
1917,39,Female,53426,Rarely,Italian,1,Gen-X,Lower-Mid
1918,19,Female,39874,Rarely,Indian,1,Gen-Z,Lower-Mid
1919,50,Male,28327,Monthly,Indian,0,Gen-X,Low
1920,68,Female,144274,Rarely,Mexican,0,Boomer,Upper-Mid
1921,20,Female,137082,Weekly,Chinese,0,Gen-Z,Upper-Mid
1922,50,Female,98241,Weekly,American,1,Gen-X,Mid
1923,48,Female,139833,Monthly,Italian,0,Gen-X,Upper-Mid
1924,54,Male,65705,Weekly,Chinese,1,Boomer,Mid
1925,26,Female,29768,Rarely,Italian,0,Millennial,Low
1926,31,Female,149807,Rarely,Italian,1,Millennial,Upper-Mid
1927,55,Female,116157,Weekly,American,0,Boomer,Upper-Mid
1928,53,Male,109748,Monthly,Mexican,0,Boomer,Upper-Mid
1929,51,Male,87848,Monthly,Mexican,0,Boomer,Mid
1930,27,Female,107937,Weekly,Mexican,1,Millennial,Upper-Mid
1931,28,Male,119993,Rarely,Indian,1,Millennial,Upper-Mid
1932,23,Female,67998,Daily,Mexican,0,Gen-Z,Mid
1933,60,Female,75810,Monthly,Chinese,1,Boomer,Mid
1934,42,Male,106711,Weekly,Italian,1,Gen-X,Upper-Mid
1935,38,Female,119070,Daily,American,0,Gen-X,Upper-Mid
1936,37,Male,30693,Monthly,Italian,0,Gen-X,Lower-Mid
1937,42,Male,106329,Weekly,Mexican,1,Gen-X,Upper-Mid
1938,60,Male,51305,Weekly,Indian,1,Boomer,Lower-Mid
1939,18,Male,102824,Monthly,Indian,1,Gen-Z,Upper-Mid
1940,26,Male,41367,Monthly,Chinese,1,Millennial,Lower-Mid
1941,28,Female,61785,Weekly,Chinese,0,Millennial,Mid
1942,29,Male,67891,Weekly,Indian,1,Millennial,Mid
1943,36,Female,91694,Monthly,American,1,Gen-X,Mid
1944,36,Male,26267,Rarely,Mexican,0,Gen-X,Low
1945,27,Female,94031,Weekly,American,1,Millennial,Mid
1946,30,Female,33666,Weekly,Indian,1,Millennial,Lower-Mid
1947,35,Female,122302,Daily,Mexican,0,Millennial,Upper-Mid
1948,43,Male,78833,Weekly,Mexican,1,Gen-X,Mid
1949,29,Male,102373,Weekly,Chinese,0,Millennial,Upper-Mid
1950,67,Female,87167,Weekly,Chinese,1,Boomer,Mid
1951,20,Male,132699,Weekly,Mexican,0,Gen-Z,Upper-Mid
1952,45,Female,58964,Weekly,Italian,0,Gen-X,Lower-Mid
1953,28,Male,131905,Monthly,Italian,0,Millennial,Upper-Mid
1954,58,Male,77790,Monthly,Italian,1,Boomer,Mid
1955,24,Male,86722,Weekly,Mexican,1,Gen-Z,Mid
1956,25,Female,72063,Daily,Mexican,1,Gen-Z,Mid
1957,40,Male,138881,Rarely,Chinese,1,Gen-X,Upper-Mid
1958,67,Male,95495,Weekly,Mexican,0,Boomer,Mid
1959,67,Male,70734,Weekly,Italian,0,Boomer,Mid
1960,60,Female,37793,Weekly,American,0,Boomer,Lower-Mid
1961,20,Female,68729,Rarely,Indian,1,Gen-Z,Mid
1962,64,Male,83708,Monthly,Indian,0,Boomer,Mid
1963,25,Male,137357,Rarely,Italian,0,Gen-Z,Upper-Mid
1964,67,Male,75950,Weekly,Mexican,1,Boomer,Mid
1965,49,Female,38406,Monthly,Indian,1,Gen-X,Lower-Mid
1966,43,Female,45368,Weekly,Indian,0,Gen-X,Lower-Mid
1967,55,Male,29288,Daily,American,1,Boomer,Low
1968,48,Male,66922,Weekly,American,0,Gen-X,Mid
1969,21,Female,25345,Monthly,Italian,0,Gen-Z,Low
1970,22,Male,72653,Weekly,Mexican,1,Gen-Z,Mid
1971,23,Male,49897,Weekly,Italian,1,Gen-Z,Lower-Mid
1972,57,Female,35217,Weekly,American,0,Boomer,Lower-Mid
1973,25,Male,87107,Rarely,Italian,0,Gen-Z,Mid
1974,59,Male,46860,Rarely,Italian,1,Boomer,Lower-Mid
1975,52,Male,117372,Weekly,Mexican,1,Boomer,Upper-Mid
1976,41,Female,64304,Monthly,Mexican,0,Gen-X,Mid
1977,61,Female,70580,Monthly,American,0,Boomer,Mid
1978,37,Female,79140,Monthly,Italian,1,Gen-X,Mid
1979,67,Male,46110,Weekly,American,1,Boomer,Lower-Mid
1980,67,Female,78930,Rarely,Chinese,0,Boomer,Mid
1981,32,Female,54527,Weekly,Mexican,1,Millennial,Lower-Mid
1982,33,Male,84659,Monthly,Chinese,1,Millennial,Mid
1983,25,Male,36708,Weekly,American,0,Gen-Z,Lower-Mid
1984,25,Female,51223,Monthly,Mexican,0,Gen-Z,Lower-Mid
1985,64,Female,51895,Weekly,Indian,1,Boomer,Lower-Mid
1986,52,Female,41612,Weekly,Indian,0,Boomer,Lower-Mid
1987,36,Male,97762,Rarely,Italian,0,Gen-X,Mid
1988,38,Male,128458,Monthly,Italian,0,Gen-X,Upper-Mid
1989,46,Male,60825,Weekly,Italian,1,Gen-X,Mid
1990,36,Female,135764,Weekly,Mexican,1,Gen-X,Upper-Mid
1991,36,Female,111460,Weekly,Chinese,0,Gen-X,Upper-Mid
1992,55,Male,104172,Rarely,Chinese,1,Boomer,Upper-Mid
1993,21,Female,71614,Monthly,Italian,0,Gen-Z,Mid
1994,46,Female,120149,Rarely,Chinese,0,Gen-X,Upper-Mid
1995,36,Male,53518,Weekly,Chinese,1,Gen-X,Lower-Mid
1996,18,Male,115653,Rarely,Indian,1,Gen-Z,Upper-Mid
1997,24,Female,79625,Weekly,Chinese,1,Gen-Z,Mid
1998,51,Male,23942,Weekly,Chinese,0,Boomer,Low
1999,40,Male,102658,Rarely,American,0,Gen-X,Upper-Mid
2000,48,Female,47019,Monthly,American,1,Gen-X,Lower-Mid
2001,26,Male,143389,Monthly,Indian,0,Millennial,Upper-Mid
2002,35,Female,66650,Weekly,Chinese,0,Millennial,Mid
2003,60,Male,139519,Weekly,Indian,1,Boomer,Upper-Mid
2004,54,Female,105133,Rarely,Chinese,0,Boomer,Upper-Mid
2005,52,Female,57910,Rarely,Italian,1,Boomer,Lower-Mid
2006,59,Female,144122,Rarely,American,0,Boomer,Upper-Mid
2007,50,Female,117727,Weekly,Mexican,0,Gen-X,Upper-Mid
2008,38,Male,48758,Weekly,Mexican,1,Gen-X,Lower-Mid
2009,46,Female,58134,Weekly,Indian,0,Gen-X,Lower-Mid
2010,35,Female,63536,Monthly,Indian,0,Millennial,Mid
2011,53,Female,106476,Weekly,Indian,0,Boomer,Upper-Mid
2012,66,Female,63529,Monthly,Italian,0,Boomer,Mid
2013,22,Female,46884,Weekly,American,1,Gen-Z,Lower-Mid
2014,59,Male,144658,Rarely,Indian,0,Boomer,Upper-Mid
2015,33,Female,69243,Rarely,American,0,Millennial,Mid
2016,60,Male,93622,Weekly,Indian,0,Boomer,Mid
2017,38,Female,119380,Monthly,Chinese,1,Gen-X,Upper-Mid
2018,50,Male,82562,Monthly,American,0,Gen-X,Mid
2019,26,Female,30427,Monthly,Indian,0,Millennial,Lower-Mid
2020,59,Male,20454,Weekly,Indian,1,Boomer,Low
2021,60,Female,66039,Monthly,American,1,Boomer,Mid
2022,28,Female,63728,Weekly,Italian,0,Millennial,Mid
2023,18,Male,80732,Monthly,Italian,0,Gen-Z,Mid
2024,42,Male,117221,Rarely,American,0,Gen-X,Upper-Mid
2025,38,Female,60491,Weekly,Italian,1,Gen-X,Mid
2026,59,Male,104397,Rarely,Italian,1,Boomer,Upper-Mid
2027,47,Male,110552,Weekly,Chinese,1,Gen-X,Upper-Mid
2028,53,Male,74375,Daily,Italian,1,Boomer,Mid
2029,44,Female,62198,Monthly,Chinese,1,Gen-X,Mid
2030,52,Female,108514,Monthly,Mexican,1,Boomer,Upper-Mid
2031,30,Male,89071,Daily,Italian,1,Millennial,Mid
2032,69,Female,136645,Monthly,Chinese,0,Boomer,Upper-Mid
2033,51,Male,109676,Weekly,Indian,1,Boomer,Upper-Mid
2034,40,Female,75646,Monthly,Chinese,1,Gen-X,Mid
2035,19,Female,130704,Rarely,Indian,0,Gen-Z,Upper-Mid
2036,31,Female,121738,Rarely,Italian,1,Millennial,Upper-Mid
2037,47,Male,103678,Rarely,Italian,0,Gen-X,Upper-Mid
2038,64,Male,39127,Weekly,Indian,1,Boomer,Lower-Mid
2039,46,Male,82286,Weekly,Indian,0,Gen-X,Mid
2040,66,Female,75130,Rarely,Indian,0,Boomer,Mid
2041,59,Female,66969,Weekly,Mexican,1,Boomer,Mid
2042,49,Female,42551,Monthly,American,1,Gen-X,Lower-Mid
2043,40,Male,116352,Monthly,Chinese,1,Gen-X,Upper-Mid
2044,47,Male,134821,Weekly,Italian,0,Gen-X,Upper-Mid
2045,41,Male,122715,Weekly,Indian,0,Gen-X,Upper-Mid
2046,68,Female,91633,Weekly,Mexican,0,Boomer,Mid
2047,69,Male,28343,Rarely,Indian,0,Boomer,Low
2048,54,Male,85802,Weekly,Indian,1,Boomer,Mid
2049,62,Male,127875,Daily,Mexican,1,Boomer,Upper-Mid
2050,35,Male,52586,Weekly,Italian,1,Millennial,Lower-Mid
2051,59,Female,146090,Monthly,American,1,Boomer,Upper-Mid
2052,36,Female,48252,Weekly,Chinese,0,Gen-X,Lower-Mid
2053,29,Male,88484,Weekly,Italian,0,Millennial,Mid
2054,26,Male,87899,Monthly,American,0,Millennial,Mid
2055,62,Female,32640,Weekly,Mexican,0,Boomer,Lower-Mid
2056,59,Male,120681,Monthly,Chinese,1,Boomer,Upper-Mid
2057,35,Male,136005,Weekly,Indian,1,Millennial,Upper-Mid
2058,32,Female,136388,Daily,American,1,Millennial,Upper-Mid
2059,42,Female,77145,Daily,Chinese,1,Gen-X,Mid
2060,24,Female,27805,Monthly,American,1,Gen-Z,Low
2061,50,Male,84448,Weekly,American,0,Gen-X,Mid
2062,62,Female,37619,Weekly,Chinese,1,Boomer,Lower-Mid
2063,65,Male,105938,Weekly,Mexican,0,Boomer,Upper-Mid
2064,69,Male,53448,Weekly,Indian,0,Boomer,Lower-Mid
2065,64,Male,39097,Rarely,American,0,Boomer,Lower-Mid
2066,37,Male,120863,Monthly,Indian,1,Gen-X,Upper-Mid
2067,46,Female,68142,Rarely,American,1,Gen-X,Mid
2068,30,Male,93430,Weekly,Mexican,1,Millennial,Mid
2069,21,Male,57727,Weekly,American,1,Gen-Z,Lower-Mid
2070,35,Male,102440,Weekly,Mexican,1,Millennial,Upper-Mid
2071,59,Female,131974,Weekly,Italian,0,Boomer,Upper-Mid
2072,48,Male,115193,Rarely,American,0,Gen-X,Upper-Mid
2073,18,Male,91737,Rarely,Mexican,0,Gen-Z,Mid
2074,63,Female,21914,Daily,Italian,0,Boomer,Low
2075,32,Female,111779,Monthly,Chinese,0,Millennial,Upper-Mid
2076,65,Male,35520,Monthly,Indian,1,Boomer,Lower-Mid
2077,60,Male,43334,Monthly,American,1,Boomer,Lower-Mid
2078,60,Female,116321,Daily,Chinese,1,Boomer,Upper-Mid
2079,61,Female,114846,Weekly,American,0,Boomer,Upper-Mid
2080,31,Female,71921,Rarely,Mexican,0,Millennial,Mid
2081,49,Male,30057,Monthly,Indian,1,Gen-X,Lower-Mid
2082,62,Male,52710,Rarely,Chinese,0,Boomer,Lower-Mid
2083,48,Male,61192,Weekly,Mexican,1,Gen-X,Mid
2084,66,Male,46718,Monthly,Mexican,0,Boomer,Lower-Mid
2085,64,Male,115643,Monthly,Chinese,1,Boomer,Upper-Mid
2086,31,Male,64382,Weekly,Chinese,1,Millennial,Mid
2087,27,Male,89716,Rarely,American,1,Millennial,Mid
2088,41,Female,50695,Monthly,American,1,Gen-X,Lower-Mid
2089,68,Male,30288,Weekly,American,0,Boomer,Lower-Mid
2090,58,Female,44172,Monthly,Chinese,1,Boomer,Lower-Mid
2091,39,Male,78863,Daily,Mexican,0,Gen-X,Mid
2092,51,Female,49451,Monthly,Chinese,0,Boomer,Lower-Mid
2093,67,Female,73148,Weekly,Mexican,1,Boomer,Mid
2094,63,Female,72596,Weekly,Indian,0,Boomer,Mid
2095,59,Female,117887,Weekly,American,0,Boomer,Upper-Mid
2096,53,Female,136825,Monthly,Italian,0,Boomer,Upper-Mid
2097,43,Male,68283,Monthly,Indian,1,Gen-X,Mid
2098,40,Female,110298,Monthly,Indian,1,Gen-X,Upper-Mid
2099,31,Male,30543,Rarely,Chinese,0,Millennial,Lower-Mid
2100,48,Female,138169,Monthly,Chinese,1,Gen-X,Upper-Mid
2101,44,Female,77784,Weekly,Italian,1,Gen-X,Mid
2102,57,Male,78537,Monthly,Italian,1,Boomer,Mid
2103,33,Male,45795,Weekly,Chinese,1,Millennial,Lower-Mid
2104,36,Male,139374,Weekly,Italian,0,Gen-X,Upper-Mid
2105,19,Male,125939,Monthly,Chinese,0,Gen-Z,Upper-Mid
2106,23,Female,116387,Weekly,Indian,0,Gen-Z,Upper-Mid
2107,57,Female,107329,Weekly,Indian,1,Boomer,Upper-Mid
2108,42,Male,89486,Weekly,Italian,0,Gen-X,Mid
2109,25,Male,45567,Daily,American,1,Gen-Z,Lower-Mid
2110,29,Female,34295,Weekly,American,0,Millennial,Lower-Mid
2111,57,Male,56803,Weekly,Indian,0,Boomer,Lower-Mid
2112,23,Female,99317,Rarely,Chinese,1,Gen-Z,Mid
2113,37,Female,23930,Weekly,Mexican,0,Gen-X,Low
2114,67,Male,133474,Weekly,Indian,0,Boomer,Upper-Mid
2115,62,Female,21083,Rarely,American,0,Boomer,Low
2116,44,Female,51701,Rarely,Mexican,1,Gen-X,Lower-Mid
2117,61,Male,110260,Monthly,American,1,Boomer,Upper-Mid
2118,46,Male,98910,Monthly,American,0,Gen-X,Mid
2119,38,Female,103102,Weekly,Chinese,1,Gen-X,Upper-Mid
2120,22,Male,123970,Monthly,Mexican,0,Gen-Z,Upper-Mid
2121,23,Female,50792,Weekly,Italian,0,Gen-Z,Lower-Mid
2122,25,Male,47784,Monthly,Indian,0,Gen-Z,Lower-Mid
2123,39,Male,101758,Rarely,Italian,1,Gen-X,Upper-Mid
2124,38,Male,108110,Daily,Mexican,1,Gen-X,Upper-Mid
2125,50,Male,115343,Weekly,American,0,Gen-X,Upper-Mid
2126,21,Male,81382,Weekly,Indian,1,Gen-Z,Mid
2127,53,Male,35585,Rarely,Italian,1,Boomer,Lower-Mid
2128,37,Female,134284,Rarely,American,1,Gen-X,Upper-Mid
2129,41,Female,58819,Rarely,Indian,1,Gen-X,Lower-Mid
2130,25,Male,83210,Weekly,Chinese,1,Gen-Z,Mid
2131,29,Male,115079,Weekly,American,0,Millennial,Upper-Mid
2132,42,Male,101871,Monthly,Indian,1,Gen-X,Upper-Mid
2133,24,Female,113426,Weekly,Chinese,1,Gen-Z,Upper-Mid
2134,31,Male,130898,Weekly,Indian,0,Millennial,Upper-Mid
2135,21,Male,144252,Daily,Mexican,1,Gen-Z,Upper-Mid
2136,52,Male,115595,Weekly,Chinese,1,Boomer,Upper-Mid
2137,31,Male,61751,Weekly,Mexican,1,Millennial,Mid
2138,41,Female,70528,Weekly,Mexican,0,Gen-X,Mid
2139,63,Female,142579,Rarely,American,1,Boomer,Upper-Mid
2140,24,Female,109032,Monthly,Indian,1,Gen-Z,Upper-Mid
2141,47,Male,31938,Weekly,Italian,0,Gen-X,Lower-Mid
2142,25,Female,138277,Monthly,American,1,Gen-Z,Upper-Mid
2143,58,Male,36994,Weekly,Chinese,0,Boomer,Lower-Mid
2144,20,Male,106717,Rarely,Indian,0,Gen-Z,Upper-Mid
2145,47,Male,90569,Weekly,Indian,0,Gen-X,Mid
2146,20,Male,41041,Rarely,Italian,1,Gen-Z,Lower-Mid
2147,62,Male,135684,Weekly,Italian,1,Boomer,Upper-Mid
2148,25,Female,142332,Weekly,American,1,Gen-Z,Upper-Mid
2149,39,Male,114857,Monthly,American,1,Gen-X,Upper-Mid
2150,37,Female,133506,Weekly,Italian,0,Gen-X,Upper-Mid
2151,46,Male,119159,Monthly,American,0,Gen-X,Upper-Mid
2152,24,Male,27970,Weekly,Italian,0,Gen-Z,Low
2153,51,Male,148333,Weekly,Chinese,1,Boomer,Upper-Mid
